iso_code,continent,location,date,total_cases,new_cases,new_cases_smoothed,total_deaths,new_deaths,new_deaths_smoothed,total_cases_per_million,new_cases_per_million,new_cases_smoothed_per_million,total_deaths_per_million,new_deaths_per_million,new_deaths_smoothed_per_million,reproduction_rate,icu_patients,icu_patients_per_million,hosp_patients,hosp_patients_per_million,weekly_icu_admissions,weekly_icu_admissions_per_million,weekly_hosp_admissions,weekly_hosp_admissions_per_million,total_tests,new_tests,total_tests_per_thousand,new_tests_per_thousand,new_tests_smoothed,new_tests_smoothed_per_thousand,positive_rate,tests_per_case,tests_units,total_vaccinations,new_vaccinations,new_vaccinations_smoothed,total_vaccinations_per_hundred,new_vaccinations_smoothed_per_million,stringency_index,population,population_density,median_age,aged_65_older,aged_70_older,gdp_per_capita,extreme_poverty,cardiovasc_death_rate,diabetes_prevalence,female_smokers,male_smokers,handwashing_facilities,hospital_beds_per_thousand,life_expectancy,human_development_index
SGP,Asia,Singapore,01-23-2020,1,1,,,,,0.171,0.171,,,,,,,,,,,,,,,,,,,,,,,,,,,,25,5850343,7915.731,42.4,12.922,7.049,85535.383,,92.243,10.99,5.2,28.3,,2.4,83.62,0.932
SGP,Asia,Singapore,01-24-2020,3,2,,,,,0.513,0.342,,,,,,,,,,,,,,,,,,,,,,,,,,,,25,5850343,7915.731,42.4,12.922,7.049,85535.383,,92.243,10.99,5.2,28.3,,2.4,83.62,0.932
SGP,Asia,Singapore,01-25-2020,3,0,,,,,0.513,0,,,,,,,,,,,,,,,,,,,,,,,,,,,,25,5850343,7915.731,42.4,12.922,7.049,85535.383,,92.243,10.99,5.2,28.3,,2.4,83.62,0.932
SGP,Asia,Singapore,01-26-2020,4,1,,,,,0.684,0.171,,,,,,,,,,,,,,,,,,,,,,,,,,,,25,5850343,7915.731,42.4,12.922,7.049,85535.383,,92.243,10.99,5.2,28.3,,2.4,83.62,0.932
SGP,Asia,Singapore,01-27-2020,5,1,,,,,0.855,0.171,,,,,,,,,,,,,,,,,,,,,,,,,,,,25,5850343,7915.731,42.4,12.922,7.049,85535.383,,92.243,10.99,5.2,28.3,,2.4,83.62,0.932
SGP,Asia,Singapore,01-28-2020,7,2,1,,,0,1.197,0.342,0.171,,,0,,,,,,,,,,,,,,,,,,,,,,,,25,5850343,7915.731,42.4,12.922,7.049,85535.383,,92.243,10.99,5.2,28.3,,2.4,83.62,0.932
SGP,Asia,Singapore,01-29-2020,7,0,1,,,0,1.197,0,0.171,,,0,,,,,,,,,,,,,,,,,,,,,,,,25,5850343,7915.731,42.4,12.922,7.049,85535.383,,92.243,10.99,5.2,28.3,,2.4,83.62,0.932
SGP,Asia,Singapore,01-30-2020,10,3,1.286,,,0,1.709,0.513,0.22,,,0,,,,,,,,,,,,,,,,,,,,,,,,25,5850343,7915.731,42.4,12.922,7.049,85535.383,,92.243,10.99,5.2,28.3,,2.4,83.62,0.932
SGP,Asia,Singapore,01-31-2020,13,3,1.429,,,0,2.222,0.513,0.244,,,0,,,,,,,,,,,,,,,,,,,,,,,,25,5850343,7915.731,42.4,12.922,7.049,85535.383,,92.243,10.99,5.2,28.3,,2.4,83.62,0.932
SGP,Asia,Singapore,02-01-2020,16,3,1.857,,,0,2.735,0.513,0.317,,,0,,,,,,,,,,,,,,,,,,,,,,,,25,5850343,7915.731,42.4,12.922,7.049,85535.383,,92.243,10.99,5.2,28.3,,2.4,83.62,0.932
SGP,Asia,Singapore,02-02-2020,18,2,2,,,0,3.077,0.342,0.342,,,0,,,,,,,,,,,,,,,,,,,,,,,,25,5850343,7915.731,42.4,12.922,7.049,85535.383,,92.243,10.99,5.2,28.3,,2.4,83.62,0.932
SGP,Asia,Singapore,02-03-2020,18,0,1.857,,,0,3.077,0,0.317,,,0,,,,,,,,,,,,,,,,,,,,,,,,25,5850343,7915.731,42.4,12.922,7.049,85535.383,,92.243,10.99,5.2,28.3,,2.4,83.62,0.932
SGP,Asia,Singapore,02-04-2020,24,6,2.429,,,0,4.102,1.026,0.415,,,0,,,,,,,,,,,,,,,,,,,,,,,,25,5850343,7915.731,42.4,12.922,7.049,85535.383,,92.243,10.99,5.2,28.3,,2.4,83.62,0.932
SGP,Asia,Singapore,02-05-2020,28,4,3,,,0,4.786,0.684,0.513,,,0,,,,,,,,,,,,,,,,,,,,,,,,25,5850343,7915.731,42.4,12.922,7.049,85535.383,,92.243,10.99,5.2,28.3,,2.4,83.62,0.932
SGP,Asia,Singapore,02-06-2020,28,0,2.571,,,0,4.786,0,0.44,,,0,,,,,,,,,,,,,,,,,,,,,,,,25,5850343,7915.731,42.4,12.922,7.049,85535.383,,92.243,10.99,5.2,28.3,,2.4,83.62,0.932
SGP,Asia,Singapore,02-07-2020,30,2,2.429,,,0,5.128,0.342,0.415,,,0,,,,,,,,,,,,,,,,,,,,,,,,30.56,5850343,7915.731,42.4,12.922,7.049,85535.383,,92.243,10.99,5.2,28.3,,2.4,83.62,0.932
SGP,Asia,Singapore,02-08-2020,33,3,2.429,,,0,5.641,0.513,0.415,,,0,,,,,,,,,,,,,,,,,,,,,,,,30.56,5850343,7915.731,42.4,12.922,7.049,85535.383,,92.243,10.99,5.2,28.3,,2.4,83.62,0.932
SGP,Asia,Singapore,02-09-2020,40,7,3.143,,,0,6.837,1.197,0.537,,,0,,,,,,,,,,,,,,,,,,,,,,,,30.56,5850343,7915.731,42.4,12.922,7.049,85535.383,,92.243,10.99,5.2,28.3,,2.4,83.62,0.932
SGP,Asia,Singapore,02-10-2020,45,5,3.857,,,0,7.692,0.855,0.659,,,0,,,,,,,,,,,,,,,,,,,,,,,,30.56,5850343,7915.731,42.4,12.922,7.049,85535.383,,92.243,10.99,5.2,28.3,,2.4,83.62,0.932
SGP,Asia,Singapore,02-11-2020,47,2,3.286,,,0,8.034,0.342,0.562,,,0,,,,,,,,,,,,,,,,,,,,,,,,30.56,5850343,7915.731,42.4,12.922,7.049,85535.383,,92.243,10.99,5.2,28.3,,2.4,83.62,0.932
SGP,Asia,Singapore,02-12-2020,50,3,3.143,,,0,8.547,0.513,0.537,,,0,,,,,,,,,,,,,,,,,,,,,,,,30.56,5850343,7915.731,42.4,12.922,7.049,85535.383,,92.243,10.99,5.2,28.3,,2.4,83.62,0.932
SGP,Asia,Singapore,02-13-2020,58,8,4.286,,,0,9.914,1.367,0.733,,,0,,,,,,,,,,,,,,,,,,,,,,,,30.56,5850343,7915.731,42.4,12.922,7.049,85535.383,,92.243,10.99,5.2,28.3,,2.4,83.62,0.932
SGP,Asia,Singapore,02-14-2020,67,9,5.286,,,0,11.452,1.538,0.903,,,0,,,,,,,,,,,,,,,,,,,,,,,,30.56,5850343,7915.731,42.4,12.922,7.049,85535.383,,92.243,10.99,5.2,28.3,,2.4,83.62,0.932
SGP,Asia,Singapore,02-15-2020,72,5,5.571,,,0,12.307,0.855,0.952,,,0,,,,,,,,,,,,,,,,,,,,,,,,30.56,5850343,7915.731,42.4,12.922,7.049,85535.383,,92.243,10.99,5.2,28.3,,2.4,83.62,0.932
SGP,Asia,Singapore,02-16-2020,75,3,5,,,0,12.82,0.513,0.855,,,0,,,,,,,,,,,,,,,,,,,,,,,,30.56,5850343,7915.731,42.4,12.922,7.049,85535.383,,92.243,10.99,5.2,28.3,,2.4,83.62,0.932
SGP,Asia,Singapore,02-17-2020,77,2,4.571,,,0,13.162,0.342,0.781,,,0,,,,,,,,,,,,,,,,,,,,,,,,30.56,5850343,7915.731,42.4,12.922,7.049,85535.383,,92.243,10.99,5.2,28.3,,2.4,83.62,0.932
SGP,Asia,Singapore,02-18-2020,81,4,4.857,,,0,13.845,0.684,0.83,,,0,,,,,,,,,,,,,,,,,,,,,,,,30.56,5850343,7915.731,42.4,12.922,7.049,85535.383,,92.243,10.99,5.2,28.3,,2.4,83.62,0.932
SGP,Asia,Singapore,02-19-2020,84,3,4.857,,,0,14.358,0.513,0.83,,,0,,,,,,,,,,,,,,,,,,,,,,,,30.56,5850343,7915.731,42.4,12.922,7.049,85535.383,,92.243,10.99,5.2,28.3,,2.4,83.62,0.932
SGP,Asia,Singapore,02-20-2020,84,0,3.714,,,0,14.358,0,0.635,,,0,,,,,,,,,,,,,,,,,,,,,,,,30.56,5850343,7915.731,42.4,12.922,7.049,85535.383,,92.243,10.99,5.2,28.3,,2.4,83.62,0.932
SGP,Asia,Singapore,02-21-2020,85,1,2.571,,,0,14.529,0.171,0.44,,,0,,,,,,,,,,,,,,,,,,,,,,,,30.56,5850343,7915.731,42.4,12.922,7.049,85535.383,,92.243,10.99,5.2,28.3,,2.4,83.62,0.932
SGP,Asia,Singapore,02-22-2020,85,0,1.857,,,0,14.529,0,0.317,,,0,,,,,,,,,,,,,,,,,,,,,,,,30.56,5850343,7915.731,42.4,12.922,7.049,85535.383,,92.243,10.99,5.2,28.3,,2.4,83.62,0.932
SGP,Asia,Singapore,02-23-2020,89,4,2,,,0,15.213,0.684,0.342,,,0,,,,,,,,,,,,,,,,,,,,,,,,30.56,5850343,7915.731,42.4,12.922,7.049,85535.383,,92.243,10.99,5.2,28.3,,2.4,83.62,0.932
SGP,Asia,Singapore,02-24-2020,89,0,1.714,,,0,15.213,0,0.293,,,0,,,,,,,,,,,,,,,,,,,,,,,,30.56,5850343,7915.731,42.4,12.922,7.049,85535.383,,92.243,10.99,5.2,28.3,,2.4,83.62,0.932
SGP,Asia,Singapore,02-25-2020,91,2,1.429,,,0,15.555,0.342,0.244,,,0,,,,,,,,,,,,,,,,,,,,,,,,30.56,5850343,7915.731,42.4,12.922,7.049,85535.383,,92.243,10.99,5.2,28.3,,2.4,83.62,0.932
SGP,Asia,Singapore,02-26-2020,93,2,1.286,,,0,15.897,0.342,0.22,,,0,,,,,,,,,,,,,,,,,,,,,,,,30.56,5850343,7915.731,42.4,12.922,7.049,85535.383,,92.243,10.99,5.2,28.3,,2.4,83.62,0.932
SGP,Asia,Singapore,02-27-2020,93,0,1.286,,,0,15.897,0,0.22,,,0,,,,,,,,,,,,,,,,,,,,,,,,30.56,5850343,7915.731,42.4,12.922,7.049,85535.383,,92.243,10.99,5.2,28.3,,2.4,83.62,0.932
SGP,Asia,Singapore,02-28-2020,93,0,1.143,,,0,15.897,0,0.195,,,0,,,,,,,,,,,,,,,,,,,,,,,,30.56,5850343,7915.731,42.4,12.922,7.049,85535.383,,92.243,10.99,5.2,28.3,,2.4,83.62,0.932
SGP,Asia,Singapore,02-29-2020,102,9,2.429,,,0,17.435,1.538,0.415,,,0,,,,,,,,,,,,,,,,,,,,,,,,30.56,5850343,7915.731,42.4,12.922,7.049,85535.383,,92.243,10.99,5.2,28.3,,2.4,83.62,0.932
SGP,Asia,Singapore,03-01-2020,106,4,2.429,,,0,18.119,0.684,0.415,,,0,0.49,,,,,,,,,,,,,,,,,,,,,,,30.56,5850343,7915.731,42.4,12.922,7.049,85535.383,,92.243,10.99,5.2,28.3,,2.4,83.62,0.932
SGP,Asia,Singapore,03-02-2020,108,2,2.714,,,0,18.46,0.342,0.464,,,0,0.51,,,,,,,,,,,,,,,,,,,,,,,30.56,5850343,7915.731,42.4,12.922,7.049,85535.383,,92.243,10.99,5.2,28.3,,2.4,83.62,0.932
SGP,Asia,Singapore,03-03-2020,110,2,2.714,,,0,18.802,0.342,0.464,,,0,0.55,,,,,,,,,,,,,,,,,,,,,,,30.56,5850343,7915.731,42.4,12.922,7.049,85535.383,,92.243,10.99,5.2,28.3,,2.4,83.62,0.932
SGP,Asia,Singapore,03-04-2020,110,0,2.429,,,0,18.802,0,0.415,,,0,0.62,,,,,,,,,,,,,,,,,,,,,,,30.56,5850343,7915.731,42.4,12.922,7.049,85535.383,,92.243,10.99,5.2,28.3,,2.4,83.62,0.932
SGP,Asia,Singapore,03-05-2020,117,7,3.429,,,0,19.999,1.197,0.586,,,0,0.75,,,,,,,,,,,,,,,,,,,,,,,30.56,5850343,7915.731,42.4,12.922,7.049,85535.383,,92.243,10.99,5.2,28.3,,2.4,83.62,0.932
SGP,Asia,Singapore,03-06-2020,130,13,5.286,,,0,22.221,2.222,0.903,,,0,0.87,,,,,,,,,,,,,,,,,,,,,,,30.56,5850343,7915.731,42.4,12.922,7.049,85535.383,,92.243,10.99,5.2,28.3,,2.4,83.62,0.932
SGP,Asia,Singapore,03-07-2020,138,8,5.143,,,0,23.588,1.367,0.879,,,0,0.93,,,,,,,,,,,,,,,,,,,,,,,30.56,5850343,7915.731,42.4,12.922,7.049,85535.383,,92.243,10.99,5.2,28.3,,2.4,83.62,0.932
SGP,Asia,Singapore,03-08-2020,150,12,6.286,,,0,25.64,2.051,1.074,,,0,0.99,,,,,,,,,,,,,,,,,,,,,,,30.56,5850343,7915.731,42.4,12.922,7.049,85535.383,,92.243,10.99,5.2,28.3,,2.4,83.62,0.932
SGP,Asia,Singapore,03-09-2020,150,0,6,,,0,25.64,0,1.026,,,0,1.03,,,,,,,,,,,,,,,,,,,,,,,30.56,5850343,7915.731,42.4,12.922,7.049,85535.383,,92.243,10.99,5.2,28.3,,2.4,83.62,0.932
SGP,Asia,Singapore,03-10-2020,160,10,7.143,,,0,27.349,1.709,1.221,,,0,1.15,,,,,,,,,,,,,,,,,,,,,,,30.56,5850343,7915.731,42.4,12.922,7.049,85535.383,,92.243,10.99,5.2,28.3,,2.4,83.62,0.932
SGP,Asia,Singapore,03-11-2020,178,18,9.714,,,0,30.426,3.077,1.66,,,0,1.27,,,,,,,,,,,,,,,,,,,,,,,30.56,5850343,7915.731,42.4,12.922,7.049,85535.383,,92.243,10.99,5.2,28.3,,2.4,83.62,0.932
SGP,Asia,Singapore,03-12-2020,178,0,8.714,,,0,30.426,0,1.49,,,0,1.3,,,,,,,,,,,,,,,,,,,,,,,30.56,5850343,7915.731,42.4,12.922,7.049,85535.383,,92.243,10.99,5.2,28.3,,2.4,83.62,0.932
SGP,Asia,Singapore,03-13-2020,200,22,10,,,0,34.186,3.76,1.709,,,0,1.45,,,,,,,,,,,,,,,,,,,,,,,36.11,5850343,7915.731,42.4,12.922,7.049,85535.383,,92.243,10.99,5.2,28.3,,2.4,83.62,0.932
SGP,Asia,Singapore,03-14-2020,212,12,10.571,,,0,36.237,2.051,1.807,,,0,1.5,,,,,,,,,,,,,,,,,,,,,,,36.11,5850343,7915.731,42.4,12.922,7.049,85535.383,,92.243,10.99,5.2,28.3,,2.4,83.62,0.932
SGP,Asia,Singapore,03-15-2020,226,14,10.857,,,0,38.63,2.393,1.856,,,0,1.57,,,,,,,,,,,,,,,,,,,,,,,36.11,5850343,7915.731,42.4,12.922,7.049,85535.383,,92.243,10.99,5.2,28.3,,2.4,83.62,0.932
SGP,Asia,Singapore,03-16-2020,243,17,13.286,,,0,41.536,2.906,2.271,,,0,1.67,,,,,,,,,,,,,,,,,,,,,,,36.11,5850343,7915.731,42.4,12.922,7.049,85535.383,,92.243,10.99,5.2,28.3,,2.4,83.62,0.932
SGP,Asia,Singapore,03-17-2020,266,23,15.143,,,0,45.467,3.931,2.588,,,0,1.78,,,,,,,,,,,,,,,,,,,,,,,36.11,5850343,7915.731,42.4,12.922,7.049,85535.383,,92.243,10.99,5.2,28.3,,2.4,83.62,0.932
SGP,Asia,Singapore,03-18-2020,313,47,19.286,,,0,53.501,8.034,3.297,,,0,1.88,,,,,,,,,,,,,,,,,,,,,,,36.11,5850343,7915.731,42.4,12.922,7.049,85535.383,,92.243,10.99,5.2,28.3,,2.4,83.62,0.932
SGP,Asia,Singapore,03-19-2020,345,32,23.857,,,0,58.971,5.47,4.078,,,0,1.84,,,,,,,,,,,,,,,,,,,,,,,36.11,5850343,7915.731,42.4,12.922,7.049,85535.383,,92.243,10.99,5.2,28.3,,2.4,83.62,0.932
SGP,Asia,Singapore,03-20-2020,385,40,26.429,,,0,65.808,6.837,4.517,,,0,1.8,,,,,,,,,,,,,,,,,,,,,,,36.11,5850343,7915.731,42.4,12.922,7.049,85535.383,,92.243,10.99,5.2,28.3,,2.4,83.62,0.932
SGP,Asia,Singapore,03-21-2020,432,47,31.429,2,2,0.286,73.842,8.034,5.372,0.342,0.342,0.049,1.76,,,,,,,,,,,,,,,,,,,,,,,36.11,5850343,7915.731,42.4,12.922,7.049,85535.383,,92.243,10.99,5.2,28.3,,2.4,83.62,0.932
SGP,Asia,Singapore,03-22-2020,455,23,32.714,2,0,0.286,77.773,3.931,5.592,0.342,0,0.049,1.69,,,,,,,,,,,,,,,,,,,,,,,36.11,5850343,7915.731,42.4,12.922,7.049,85535.383,,92.243,10.99,5.2,28.3,,2.4,83.62,0.932
SGP,Asia,Singapore,03-23-2020,509,54,38,2,0,0.286,87.003,9.23,6.495,0.342,0,0.049,1.69,,,,,,,,,,,,,,,,,,,,,,,36.11,5850343,7915.731,42.4,12.922,7.049,85535.383,,92.243,10.99,5.2,28.3,,2.4,83.62,0.932
SGP,Asia,Singapore,03-24-2020,558,49,41.714,2,0,0.286,95.379,8.376,7.13,0.342,0,0.049,1.66,,,,,,,,,,,,,,,,,,,,,,,36.11,5850343,7915.731,42.4,12.922,7.049,85535.383,,92.243,10.99,5.2,28.3,,2.4,83.62,0.932
SGP,Asia,Singapore,03-25-2020,631,73,45.429,2,0,0.286,107.857,12.478,7.765,0.342,0,0.049,1.63,,,,,,,,,,,,,,,,,,,,,,,36.11,5850343,7915.731,42.4,12.922,7.049,85535.383,,92.243,10.99,5.2,28.3,,2.4,83.62,0.932
SGP,Asia,Singapore,03-26-2020,683,52,48.286,2,0,0.286,116.745,8.888,8.253,0.342,0,0.049,1.55,,,,,,,,,,,,,,,,,,,,,,,36.11,5850343,7915.731,42.4,12.922,7.049,85535.383,,92.243,10.99,5.2,28.3,,2.4,83.62,0.932
SGP,Asia,Singapore,03-27-2020,732,49,49.571,2,0,0.286,125.121,8.376,8.473,0.342,0,0.049,1.48,,,,,,,,,,,,,,,,,,,,,,,36.11,5850343,7915.731,42.4,12.922,7.049,85535.383,,92.243,10.99,5.2,28.3,,2.4,83.62,0.932
SGP,Asia,Singapore,03-28-2020,802,70,52.857,2,0,0,137.086,11.965,9.035,0.342,0,0,1.44,,,,,,,,,,,,,,,,,,,,,,,36.11,5850343,7915.731,42.4,12.922,7.049,85535.383,,92.243,10.99,5.2,28.3,,2.4,83.62,0.932
SGP,Asia,Singapore,03-29-2020,844,42,55.571,3,1,0.143,144.265,7.179,9.499,0.513,0.171,0.024,1.37,,,,,,,,,,,,,,,,,,,,,,,36.11,5850343,7915.731,42.4,12.922,7.049,85535.383,,92.243,10.99,5.2,28.3,,2.4,83.62,0.932
SGP,Asia,Singapore,03-30-2020,879,35,52.857,3,0,0.143,150.248,5.983,9.035,0.513,0,0.024,1.35,,,,,,,,,,,,,,,,,,,,,,,36.11,5850343,7915.731,42.4,12.922,7.049,85535.383,,92.243,10.99,5.2,28.3,,2.4,83.62,0.932
SGP,Asia,Singapore,03-31-2020,926,47,52.571,3,0,0.143,158.281,8.034,8.986,0.513,0,0.024,1.37,,,,,,,,,,,,,,,,,,,,,,,36.11,5850343,7915.731,42.4,12.922,7.049,85535.383,,92.243,10.99,5.2,28.3,,2.4,83.62,0.932
SGP,Asia,Singapore,04-01-2020,1000,74,52.714,3,0,0.143,170.93,12.649,9.01,0.513,0,0.024,1.42,,,,,,,,,,,,,,,,,,,,,,,36.11,5850343,7915.731,42.4,12.922,7.049,85535.383,,92.243,10.99,5.2,28.3,,2.4,83.62,0.932
SGP,Asia,Singapore,04-02-2020,1049,49,52.286,4,1,0.286,179.306,8.376,8.937,0.684,0.171,0.049,1.45,,,,,,,,,,,,,,,,,,,,,,,36.11,5850343,7915.731,42.4,12.922,7.049,85535.383,,92.243,10.99,5.2,28.3,,2.4,83.62,0.932
SGP,Asia,Singapore,04-03-2020,1114,65,54.571,5,1,0.429,190.416,11.11,9.328,0.855,0.171,0.073,1.51,,,,,,,,,,,,,,,,,,,,,,,45.37,5850343,7915.731,42.4,12.922,7.049,85535.383,,92.243,10.99,5.2,28.3,,2.4,83.62,0.932
SGP,Asia,Singapore,04-04-2020,1189,75,55.286,6,1,0.571,203.236,12.82,9.45,1.026,0.171,0.098,1.59,,,,,,,,,,,,,,,,,,,,,,,45.37,5850343,7915.731,42.4,12.922,7.049,85535.383,,92.243,10.99,5.2,28.3,,2.4,83.62,0.932
SGP,Asia,Singapore,04-05-2020,1309,120,66.429,6,0,0.429,223.748,20.512,11.355,1.026,0,0.073,1.68,,,,,,,,,,,,,,,,,,,,,,,45.37,5850343,7915.731,42.4,12.922,7.049,85535.383,,92.243,10.99,5.2,28.3,,2.4,83.62,0.932
SGP,Asia,Singapore,04-06-2020,1375,66,70.857,6,0,0.429,235.029,11.281,12.112,1.026,0,0.073,1.71,,,,,,,,,,,,,,,,,,,,,,,45.37,5850343,7915.731,42.4,12.922,7.049,85535.383,,92.243,10.99,5.2,28.3,,2.4,83.62,0.932
SGP,Asia,Singapore,04-07-2020,1481,106,79.286,6,0,0.429,253.148,18.119,13.552,1.026,0,0.073,1.82,,,,,,,,,72680,,12.423,,,,,,samples tested,,,,,,56.48,5850343,7915.731,42.4,12.922,7.049,85535.383,,92.243,10.99,5.2,28.3,,2.4,83.62,0.932
SGP,Asia,Singapore,04-08-2020,1623,142,89,6,0,0.429,277.42,24.272,15.213,1.026,0,0.073,1.93,,,,,,,,,,,,,,,,,samples tested,,,,,,76.85,5850343,7915.731,42.4,12.922,7.049,85535.383,,92.243,10.99,5.2,28.3,,2.4,83.62,0.932
SGP,Asia,Singapore,04-09-2020,1910,287,123,6,0,0.286,326.477,49.057,21.024,1.026,0,0.049,2.04,,,,,,,,,,,,,,,,,samples tested,,,,,,76.85,5850343,7915.731,42.4,12.922,7.049,85535.383,,92.243,10.99,5.2,28.3,,2.4,83.62,0.932
SGP,Asia,Singapore,04-10-2020,2108,198,142,7,1,0.286,360.321,33.844,24.272,1.197,0.171,0.049,2.01,,,,,,,,,,,,,,,,,samples tested,,,,,,76.85,5850343,7915.731,42.4,12.922,7.049,85535.383,,92.243,10.99,5.2,28.3,,2.4,83.62,0.932
SGP,Asia,Singapore,04-11-2020,2299,191,158.571,8,1,0.286,392.968,32.648,27.105,1.367,0.171,0.049,2,,,,,,,,,,,,,,,,,samples tested,,,,,,76.85,5850343,7915.731,42.4,12.922,7.049,85535.383,,92.243,10.99,5.2,28.3,,2.4,83.62,0.932
SGP,Asia,Singapore,04-12-2020,2532,233,174.714,8,0,0.286,432.795,39.827,29.864,1.367,0,0.049,2.03,,,,,,,,,,,,,,,,,samples tested,,,,,,76.85,5850343,7915.731,42.4,12.922,7.049,85535.383,,92.243,10.99,5.2,28.3,,2.4,83.62,0.932
SGP,Asia,Singapore,04-13-2020,2918,386,220.429,9,1,0.429,498.774,65.979,37.678,1.538,0.171,0.073,2.09,,,,,,,,,,,,,,,,,samples tested,,,,,,76.85,5850343,7915.731,42.4,12.922,7.049,85535.383,,92.243,10.99,5.2,28.3,,2.4,83.62,0.932
SGP,Asia,Singapore,04-14-2020,3252,334,253,10,1,0.571,555.865,57.091,43.245,1.709,0.171,0.098,2.1,,,,,,,,,94796,,16.203,,3159,0.54,0.08,12.5,samples tested,,,,,,76.85,5850343,7915.731,42.4,12.922,7.049,85535.383,,92.243,10.99,5.2,28.3,,2.4,83.62,0.932
SGP,Asia,Singapore,04-15-2020,3699,447,296.571,10,0,0.571,632.271,76.406,50.693,1.709,0,0.098,2.13,,,,,,,,,,,,,3350,0.573,0.089,11.3,samples tested,,,,,,76.85,5850343,7915.731,42.4,12.922,7.049,85535.383,,92.243,10.99,5.2,28.3,,2.4,83.62,0.932
SGP,Asia,Singapore,04-16-2020,4427,728,359.571,10,0,0.571,756.708,124.437,61.462,1.709,0,0.098,2.16,,,,,,,,,,,,,3541,0.605,0.102,9.8,samples tested,,,,,,76.85,5850343,7915.731,42.4,12.922,7.049,85535.383,,92.243,10.99,5.2,28.3,,2.4,83.62,0.932
SGP,Asia,Singapore,04-17-2020,5050,623,420.286,11,1,0.571,863.197,106.489,71.839,1.88,0.171,0.098,2.11,,,,,,,,,,,,,3732,0.638,0.113,8.9,samples tested,,,,,,76.85,5850343,7915.731,42.4,12.922,7.049,85535.383,,92.243,10.99,5.2,28.3,,2.4,83.62,0.932
SGP,Asia,Singapore,04-18-2020,5992,942,527.571,11,0,0.429,1024.213,161.016,90.178,1.88,0,0.073,2.07,,,,,,,,,,,,,3923,0.671,0.134,7.4,samples tested,,,,,,76.85,5850343,7915.731,42.4,12.922,7.049,85535.383,,92.243,10.99,5.2,28.3,,2.4,83.62,0.932
SGP,Asia,Singapore,04-19-2020,6588,596,579.429,11,0,0.429,1126.088,101.874,99.042,1.88,0,0.073,1.97,,,,,,,,,,,,,4114,0.703,0.141,7.1,samples tested,,,,,,76.85,5850343,7915.731,42.4,12.922,7.049,85535.383,,92.243,10.99,5.2,28.3,,2.4,83.62,0.932
SGP,Asia,Singapore,04-20-2020,8014,1426,728,11,0,0.286,1369.834,243.746,124.437,1.88,0,0.049,1.93,,,,,,,,,121774,,20.815,,4305,0.736,0.169,5.9,samples tested,,,,,,76.85,5850343,7915.731,42.4,12.922,7.049,85535.383,,92.243,10.99,5.2,28.3,,2.4,83.62,0.932
SGP,Asia,Singapore,04-21-2020,9125,1111,839,11,0,0.143,1559.738,189.903,143.41,1.88,0,0.024,1.79,,,,,,,,,,,,,4306,0.736,0.195,5.1,samples tested,,,,,,76.85,5850343,7915.731,42.4,12.922,7.049,85535.383,,92.243,10.99,5.2,28.3,,2.4,83.62,0.932
SGP,Asia,Singapore,04-22-2020,10141,1016,920.286,12,1,0.286,1733.403,173.665,157.305,2.051,0.171,0.049,1.64,,,,,,,,,,,,,4116,0.704,0.224,4.5,samples tested,,,,,,76.85,5850343,7915.731,42.4,12.922,7.049,85535.383,,92.243,10.99,5.2,28.3,,2.4,83.62,0.932
SGP,Asia,Singapore,04-23-2020,11178,1037,964.429,12,0,0.286,1910.657,177.255,164.85,2.051,0,0.049,1.51,,,,,,,,,,,,,3925,0.671,0.246,4.1,samples tested,,,,,,76.85,5850343,7915.731,42.4,12.922,7.049,85535.383,,92.243,10.99,5.2,28.3,,2.4,83.62,0.932
SGP,Asia,Singapore,04-24-2020,12075,897,1003.571,12,0,0.143,2063.982,153.324,171.541,2.051,0,0.024,1.38,,,,,,,,,,,,,3735,0.638,0.269,3.7,samples tested,,,,,,76.85,5850343,7915.731,42.4,12.922,7.049,85535.383,,92.243,10.99,5.2,28.3,,2.4,83.62,0.932
SGP,Asia,Singapore,04-25-2020,12693,618,957.286,12,0,0.143,2169.616,105.635,163.629,2.051,0,0.024,1.27,,,,,,,,,,,,,3544,0.606,0.27,3.7,samples tested,,,,,,76.85,5850343,7915.731,42.4,12.922,7.049,85535.383,,92.243,10.99,5.2,28.3,,2.4,83.62,0.932
SGP,Asia,Singapore,04-26-2020,13624,931,1005.143,12,0,0.143,2328.752,159.136,171.809,2.051,0,0.024,1.2,,,,,,,,,,,,,3354,0.573,0.3,3.3,samples tested,,,,,,76.85,5850343,7915.731,42.4,12.922,7.049,85535.383,,92.243,10.99,5.2,28.3,,2.4,83.62,0.932
SGP,Asia,Singapore,04-27-2020,14423,799,915.571,14,2,0.429,2465.326,136.573,156.499,2.393,0.342,0.073,1.12,,,,,,,,,143919,,24.6,,3164,0.541,0.289,3.5,samples tested,,,,,,76.85,5850343,7915.731,42.4,12.922,7.049,85535.383,,92.243,10.99,5.2,28.3,,2.4,83.62,0.932
SGP,Asia,Singapore,04-28-2020,14951,528,832.286,14,0,0.429,2555.577,90.251,142.263,2.393,0,0.073,1.06,,,,,,,,,,,,,3358,0.574,0.248,4,samples tested,,,,,,76.85,5850343,7915.731,42.4,12.922,7.049,85535.383,,92.243,10.99,5.2,28.3,,2.4,83.62,0.932
SGP,Asia,Singapore,04-29-2020,15641,690,785.714,14,0,0.286,2673.518,117.942,134.302,2.393,0,0.049,1.02,,,,,,,,,,,,,3553,0.607,0.221,4.5,samples tested,,,,,,76.85,5850343,7915.731,42.4,12.922,7.049,85535.383,,92.243,10.99,5.2,28.3,,2.4,83.62,0.932
SGP,Asia,Singapore,04-30-2020,16169,528,713,15,1,0.429,2763.77,90.251,121.873,2.564,0.171,0.073,1,,,,,,,,,,,,,3748,0.641,0.19,5.3,samples tested,,,,,,76.85,5850343,7915.731,42.4,12.922,7.049,85535.383,,92.243,10.99,5.2,28.3,,2.4,83.62,0.932
SGP,Asia,Singapore,05-01-2020,17101,932,718,16,1,0.571,2923.076,159.307,122.728,2.735,0.171,0.098,1,,,,,,,,,,,,,3942,0.674,0.182,5.5,samples tested,,,,,,76.85,5850343,7915.731,42.4,12.922,7.049,85535.383,,92.243,10.99,5.2,28.3,,2.4,83.62,0.932
SGP,Asia,Singapore,05-02-2020,17548,447,693.571,17,1,0.714,2999.482,76.406,118.552,2.906,0.171,0.122,0.97,,,,,,,,,,,,,4137,0.707,0.168,6,samples tested,,,,,,76.85,5850343,7915.731,42.4,12.922,7.049,85535.383,,92.243,10.99,5.2,28.3,,2.4,83.62,0.932
SGP,Asia,Singapore,05-03-2020,18205,657,654.429,18,1,0.857,3111.783,112.301,111.862,3.077,0.171,0.147,0.97,,,,,,,,,,,,,4332,0.74,0.151,6.6,samples tested,,,,,,76.85,5850343,7915.731,42.4,12.922,7.049,85535.383,,92.243,10.99,5.2,28.3,,2.4,83.62,0.932
SGP,Asia,Singapore,05-04-2020,18778,573,622.143,18,0,0.571,3209.726,97.943,106.343,3.077,0,0.098,0.97,,,,,,,,,175604,,30.016,,4526,0.774,0.137,7.3,samples tested,,,,,,76.85,5850343,7915.731,42.4,12.922,7.049,85535.383,,92.243,10.99,5.2,28.3,,2.4,83.62,0.932
SGP,Asia,Singapore,05-05-2020,19410,632,637,18,0,0.571,3317.754,108.028,108.883,3.077,0,0.098,0.99,,,,,,,,,,,,,5562,0.951,0.115,8.7,samples tested,,,,,,76.85,5850343,7915.731,42.4,12.922,7.049,85535.383,,92.243,10.99,5.2,28.3,,2.4,83.62,0.932
SGP,Asia,Singapore,05-06-2020,20198,788,651,20,2,0.857,3452.447,134.693,111.276,3.419,0.342,0.147,1.01,,,,,,,,,,,,,6597,1.128,0.099,10.1,samples tested,,,,,,76.85,5850343,7915.731,42.4,12.922,7.049,85535.383,,92.243,10.99,5.2,28.3,,2.4,83.62,0.932
SGP,Asia,Singapore,05-07-2020,20939,741,681.429,20,0,0.714,3579.106,126.659,116.477,3.419,0,0.122,1.02,,,,,,,,,,,,,7633,1.305,0.089,11.2,samples tested,,,,,,76.85,5850343,7915.731,42.4,12.922,7.049,85535.383,,92.243,10.99,5.2,28.3,,2.4,83.62,0.932
SGP,Asia,Singapore,05-08-2020,21707,768,658,20,0,0.571,3710.381,131.274,112.472,3.419,0,0.098,1.02,,,,,,,,,,,,,8668,1.482,0.076,13.2,samples tested,,,,,,76.85,5850343,7915.731,42.4,12.922,7.049,85535.383,,92.243,10.99,5.2,28.3,,2.4,83.62,0.932
SGP,Asia,Singapore,05-09-2020,22460,753,701.714,20,0,0.429,3839.091,128.71,119.944,3.419,0,0.073,1.02,,,,,,,,,,,,,9704,1.659,0.072,13.8,samples tested,,,,,,76.85,5850343,7915.731,42.4,12.922,7.049,85535.383,,92.243,10.99,5.2,28.3,,2.4,83.62,0.932
SGP,Asia,Singapore,05-10-2020,23336,876,733,20,0,0.286,3988.826,149.735,125.292,3.419,0,0.049,1.01,,,,,,,,,246254,,42.092,,10739,1.836,0.068,14.7,samples tested,,,,,,76.85,5850343,7915.731,42.4,12.922,7.049,85535.383,,92.243,10.99,5.2,28.3,,2.4,83.62,0.932
SGP,Asia,Singapore,05-11-2020,23822,486,720.571,21,1,0.429,4071.898,83.072,123.167,3.59,0.171,0.073,0.98,,,,,,,,,,,,,10953,1.872,0.066,15.2,samples tested,,,,,,76.85,5850343,7915.731,42.4,12.922,7.049,85535.383,,92.243,10.99,5.2,28.3,,2.4,83.62,0.932
SGP,Asia,Singapore,05-12-2020,24671,849,751.571,21,0,0.429,4217.018,145.12,128.466,3.59,0,0.073,0.98,,,,,,,,,,,,,10131,1.732,0.074,13.5,samples tested,,,,,,73.15,5850343,7915.731,42.4,12.922,7.049,85535.383,,92.243,10.99,5.2,28.3,,2.4,83.62,0.932
SGP,Asia,Singapore,05-13-2020,25346,675,735.429,21,0,0.143,4332.396,115.378,125.707,3.59,0,0.024,0.97,,,,,,,,,,,,,9309,1.591,0.079,12.7,samples tested,,,,,,73.15,5850343,7915.731,42.4,12.922,7.049,85535.383,,92.243,10.99,5.2,28.3,,2.4,83.62,0.932
SGP,Asia,Singapore,05-14-2020,26098,752,737,21,0,0.143,4460.935,128.539,125.976,3.59,0,0.024,0.95,,,,,,,,,,,,,8486,1.451,0.087,11.5,samples tested,,,,,,73.15,5850343,7915.731,42.4,12.922,7.049,85535.383,,92.243,10.99,5.2,28.3,,2.4,83.62,0.932
SGP,Asia,Singapore,05-15-2020,26891,793,740.571,21,0,0.143,4596.483,135.548,126.586,3.59,0,0.024,0.93,,,,,,,,,,,,,7664,1.31,0.097,10.3,samples tested,,,,,,73.15,5850343,7915.731,42.4,12.922,7.049,85535.383,,92.243,10.99,5.2,28.3,,2.4,83.62,0.932
SGP,Asia,Singapore,05-16-2020,27356,465,699.429,22,1,0.286,4675.965,79.483,119.553,3.76,0.171,0.049,0.88,,,,,,,,,,,,,6842,1.17,0.102,9.8,samples tested,,,,,,73.15,5850343,7915.731,42.4,12.922,7.049,85535.383,,92.243,10.99,5.2,28.3,,2.4,83.62,0.932
SGP,Asia,Singapore,05-17-2020,28038,682,671.714,22,0,0.286,4792.54,116.574,114.816,3.76,0,0.049,0.87,,,,,,,,,,,,,6020,1.029,0.112,9,samples tested,,,,,,73.15,5850343,7915.731,42.4,12.922,7.049,85535.383,,92.243,10.99,5.2,28.3,,2.4,83.62,0.932
SGP,Asia,Singapore,05-18-2020,28343,305,645.857,22,0,0.143,4844.673,52.134,110.396,3.76,0,0.024,0.84,,,,,,,,,294414,,50.324,,6020,1.029,0.107,9.3,samples tested,,,,,,73.15,5850343,7915.731,42.4,12.922,7.049,85535.383,,92.243,10.99,5.2,28.3,,2.4,83.62,0.932
SGP,Asia,Singapore,05-19-2020,28794,451,589,22,0,0.143,4921.763,77.089,100.678,3.76,0,0.024,0.84,,,,,,,,,,,,,5982,1.023,0.098,10.2,samples tested,,,,,,73.15,5850343,7915.731,42.4,12.922,7.049,85535.383,,92.243,10.99,5.2,28.3,,2.4,83.62,0.932
SGP,Asia,Singapore,05-20-2020,29364,570,574,22,0,0.143,5019.193,97.43,98.114,3.76,0,0.024,0.86,,,,,,,,,,,,,5944,1.016,0.097,10.4,samples tested,,,,,,73.15,5850343,7915.731,42.4,12.922,7.049,85535.383,,92.243,10.99,5.2,28.3,,2.4,83.62,0.932
SGP,Asia,Singapore,05-21-2020,29812,448,530.571,23,1,0.286,5095.77,76.577,90.691,3.931,0.171,0.049,0.87,,,,,,,,,,,,,5906,1.01,0.09,11.1,samples tested,,,,,,73.15,5850343,7915.731,42.4,12.922,7.049,85535.383,,92.243,10.99,5.2,28.3,,2.4,83.62,0.932
SGP,Asia,Singapore,05-22-2020,30426,614,505,23,0,0.286,5200.721,104.951,86.32,3.931,0,0.049,0.89,,,,,,,,,,,,,5868,1.003,0.086,11.6,samples tested,,,,,,73.15,5850343,7915.731,42.4,12.922,7.049,85535.383,,92.243,10.99,5.2,28.3,,2.4,83.62,0.932
SGP,Asia,Singapore,05-23-2020,31068,642,530.286,23,0,0.143,5310.458,109.737,90.642,3.931,0,0.024,0.89,,,,,,,,,,,,,5830,0.997,0.091,11,samples tested,,,,,,73.15,5850343,7915.731,42.4,12.922,7.049,85535.383,,92.243,10.99,5.2,28.3,,2.4,83.62,0.932
SGP,Asia,Singapore,05-24-2020,31616,548,511.143,23,0,0.143,5404.128,93.67,87.37,3.931,0,0.024,0.88,,,,,,,,,,,,,5792,0.99,0.088,11.3,samples tested,,,,,,73.15,5850343,7915.731,42.4,12.922,7.049,85535.383,,92.243,10.99,5.2,28.3,,2.4,83.62,0.932
SGP,Asia,Singapore,05-25-2020,31960,344,516.714,23,0,0.143,5462.928,58.8,88.322,3.931,0,0.024,0.86,,,,,,,,,334691,,57.209,,5754,0.984,0.09,11.1,samples tested,,,,,,73.15,5850343,7915.731,42.4,12.922,7.049,85535.383,,92.243,10.99,5.2,28.3,,2.4,83.62,0.932
SGP,Asia,Singapore,05-26-2020,32343,383,507,23,0,0.143,5528.394,65.466,86.662,3.931,0,0.024,0.87,,,,,,,,,,,,,6438,1.1,0.079,12.7,samples tested,,,,,,73.15,5850343,7915.731,42.4,12.922,7.049,85535.383,,92.243,10.99,5.2,28.3,,2.4,83.62,0.932
SGP,Asia,Singapore,05-27-2020,32876,533,501.714,23,0,0.143,5619.5,91.106,85.758,3.931,0,0.024,0.89,,,,,,,,,,,,,7122,1.217,0.07,14.2,samples tested,,,,,,73.15,5850343,7915.731,42.4,12.922,7.049,85535.383,,92.243,10.99,5.2,28.3,,2.4,83.62,0.932
SGP,Asia,Singapore,05-28-2020,33249,373,491,23,0,0,5683.257,63.757,83.927,3.931,0,0,0.9,,,,,,,,,,,,,7807,1.334,0.063,15.9,samples tested,,,,,,73.15,5850343,7915.731,42.4,12.922,7.049,85535.383,,92.243,10.99,5.2,28.3,,2.4,83.62,0.932
SGP,Asia,Singapore,05-29-2020,33860,611,490.571,23,0,0,5787.695,104.438,83.853,3.931,0,0,0.92,,,,,,,,,,,,,8491,1.451,0.058,17.3,samples tested,,,,,,73.15,5850343,7915.731,42.4,12.922,7.049,85535.383,,92.243,10.99,5.2,28.3,,2.4,83.62,0.932
SGP,Asia,Singapore,05-30-2020,34366,506,471.143,23,0,0,5874.185,86.491,80.533,3.931,0,0,0.92,,,,,,,,,,,,,9175,1.568,0.051,19.5,samples tested,,,,,,73.15,5850343,7915.731,42.4,12.922,7.049,85535.383,,92.243,10.99,5.2,28.3,,2.4,83.62,0.932
SGP,Asia,Singapore,05-31-2020,34884,518,466.857,23,0,0,5962.727,88.542,79.8,3.931,0,0,0.92,,,,,,,,,,,,,9859,1.685,0.047,21.1,samples tested,,,,,,73.15,5850343,7915.731,42.4,12.922,7.049,85535.383,,92.243,10.99,5.2,28.3,,2.4,83.62,0.932
SGP,Asia,Singapore,06-01-2020,35292,408,476,24,1,0.143,6032.467,69.74,81.363,4.102,0.171,0.024,0.91,,,,,,,,,408495,,69.824,,10543,1.802,0.045,22.1,samples tested,,,,,,73.15,5850343,7915.731,42.4,12.922,7.049,85535.383,,92.243,10.99,5.2,28.3,,2.4,83.62,0.932
SGP,Asia,Singapore,06-02-2020,35836,544,499,24,0,0.143,6125.453,92.986,85.294,4.102,0,0.024,0.92,,,,,,,,,,,,,10674,1.825,0.047,21.4,samples tested,,,,,,65.74,5850343,7915.731,42.4,12.922,7.049,85535.383,,92.243,10.99,5.2,28.3,,2.4,83.62,0.932
SGP,Asia,Singapore,06-03-2020,36405,569,504.143,24,0,0.143,6222.712,97.259,86.173,4.102,0,0.024,0.91,,,,,,,,,,,,,10804,1.847,0.047,21.4,samples tested,,,,,,65.74,5850343,7915.731,42.4,12.922,7.049,85535.383,,92.243,10.99,5.2,28.3,,2.4,83.62,0.932
SGP,Asia,Singapore,06-04-2020,36922,517,524.714,24,0,0.143,6311.083,88.371,89.689,4.102,0,0.024,0.88,,,,,,,,,,,,,10935,1.869,0.048,20.8,samples tested,,,,,,65.74,5850343,7915.731,42.4,12.922,7.049,85535.383,,92.243,10.99,5.2,28.3,,2.4,83.62,0.932
SGP,Asia,Singapore,06-05-2020,37183,261,474.714,24,0,0.143,6355.696,44.613,81.143,4.102,0,0.024,0.84,,,,,,,,,,,,,11066,1.892,0.043,23.3,samples tested,,,,,,65.74,5850343,7915.731,42.4,12.922,7.049,85535.383,,92.243,10.99,5.2,28.3,,2.4,83.62,0.932
SGP,Asia,Singapore,06-06-2020,37527,344,451.571,25,1,0.286,6414.496,58.8,77.187,4.273,0.171,0.049,0.83,,,,,,,,,,,,,11196,1.914,0.04,24.8,samples tested,,,,,,65.74,5850343,7915.731,42.4,12.922,7.049,85535.383,,92.243,10.99,5.2,28.3,,2.4,83.62,0.932
SGP,Asia,Singapore,06-07-2020,37910,383,432.286,25,0,0.286,6479.962,65.466,73.891,4.273,0,0.049,0.83,,,,,,,,,,,,,11327,1.936,0.038,26.2,samples tested,,,,,,65.74,5850343,7915.731,42.4,12.922,7.049,85535.383,,92.243,10.99,5.2,28.3,,2.4,83.62,0.932
SGP,Asia,Singapore,06-08-2020,38296,386,429.143,25,0,0.143,6545.941,65.979,73.353,4.273,0,0.024,0.83,,,,,,,,,488695,,83.533,,11457,1.958,0.037,26.7,samples tested,,,,,,65.74,5850343,7915.731,42.4,12.922,7.049,85535.383,,92.243,10.99,5.2,28.3,,2.4,83.62,0.932
SGP,Asia,Singapore,06-09-2020,38514,218,382.571,25,0,0.143,6583.204,37.263,65.393,4.273,0,0.024,0.83,,,,,,,,,,,,,11606,1.984,0.033,30.3,samples tested,,,,,,65.74,5850343,7915.731,42.4,12.922,7.049,85535.383,,92.243,10.99,5.2,28.3,,2.4,83.62,0.932
SGP,Asia,Singapore,06-10-2020,38965,451,365.714,25,0,0.143,6660.293,77.089,62.512,4.273,0,0.024,0.85,,,,,,,,,,,,,11755,2.009,0.031,32.1,samples tested,,,,,,65.74,5850343,7915.731,42.4,12.922,7.049,85535.383,,92.243,10.99,5.2,28.3,,2.4,83.62,0.932
SGP,Asia,Singapore,06-11-2020,39387,422,352.143,25,0,0.143,6732.426,72.133,60.192,4.273,0,0.024,0.86,,,,,,,,,,,,,11904,2.035,0.03,33.8,samples tested,,,,,,65.74,5850343,7915.731,42.4,12.922,7.049,85535.383,,92.243,10.99,5.2,28.3,,2.4,83.62,0.932
SGP,Asia,Singapore,06-12-2020,39850,463,381,25,0,0.143,6811.566,79.141,65.124,4.273,0,0.024,0.85,,,,,,,,,,,,,12053,2.06,0.032,31.6,samples tested,,,,,,65.74,5850343,7915.731,42.4,12.922,7.049,85535.383,,92.243,10.99,5.2,28.3,,2.4,83.62,0.932
SGP,Asia,Singapore,06-13-2020,40197,347,381.429,26,1,0.143,6870.879,59.313,65.198,4.444,0.171,0.024,0.82,,,,,,,,,,,,,12201,2.086,0.031,32,samples tested,,,,,,65.74,5850343,7915.731,42.4,12.922,7.049,85535.383,,92.243,10.99,5.2,28.3,,2.4,83.62,0.932
SGP,Asia,Singapore,06-14-2020,40604,407,384.857,26,0,0.143,6940.448,69.569,65.784,4.444,0,0.024,0.79,,,,,,,,,,,,,12350,2.111,0.031,32.1,samples tested,,,,,,65.74,5850343,7915.731,42.4,12.922,7.049,85535.383,,92.243,10.99,5.2,28.3,,2.4,83.62,0.932
SGP,Asia,Singapore,06-15-2020,40818,214,360.286,26,0,0.143,6977.027,36.579,61.584,4.444,0,0.024,0.74,,,,,,,,,576189,,98.488,,12499,2.136,0.029,34.7,samples tested,,,,,,65.74,5850343,7915.731,42.4,12.922,7.049,85535.383,,92.243,10.99,5.2,28.3,,2.4,83.62,0.932
SGP,Asia,Singapore,06-16-2020,40969,151,350.714,26,0,0.143,7002.837,25.81,59.948,4.444,0,0.024,0.71,,,,,,,,,,,,,12921,2.209,0.027,36.8,samples tested,,,,,,65.74,5850343,7915.731,42.4,12.922,7.049,85535.383,,92.243,10.99,5.2,28.3,,2.4,83.62,0.932
SGP,Asia,Singapore,06-17-2020,41216,247,321.571,26,0,0.143,7045.057,42.22,54.966,4.444,0,0.024,0.71,,,,,,,,,,,,,13343,2.281,0.024,41.5,samples tested,,,,,,65.74,5850343,7915.731,42.4,12.922,7.049,85535.383,,92.243,10.99,5.2,28.3,,2.4,83.62,0.932
SGP,Asia,Singapore,06-18-2020,41473,257,298,26,0,0.143,7088.986,43.929,50.937,4.444,0,0.024,0.71,,,,,,,,,,,,,13765,2.353,0.022,46.2,samples tested,,,,,,65.74,5850343,7915.731,42.4,12.922,7.049,85535.383,,92.243,10.99,5.2,28.3,,2.4,83.62,0.932
SGP,Asia,Singapore,06-19-2020,41615,142,252.143,26,0,0.143,7113.258,24.272,43.099,4.444,0,0.024,0.71,,,,,,,,,,,,,14187,2.425,0.018,56.3,samples tested,,,,,,50.93,5850343,7915.731,42.4,12.922,7.049,85535.383,,92.243,10.99,5.2,28.3,,2.4,83.62,0.932
SGP,Asia,Singapore,06-20-2020,41833,218,233.714,26,0,0,7150.521,37.263,39.949,4.444,0,0,0.73,,,,,,,,,,,,,14609,2.497,0.016,62.5,samples tested,,,,,,50.93,5850343,7915.731,42.4,12.922,7.049,85535.383,,92.243,10.99,5.2,28.3,,2.4,83.62,0.932
SGP,Asia,Singapore,06-21-2020,42095,262,213,26,0,0,7195.305,44.784,36.408,4.444,0,0,0.74,,,,,,,,,,,,,15031,2.569,0.014,70.6,samples tested,,,,,,50.93,5850343,7915.731,42.4,12.922,7.049,85535.383,,92.243,10.99,5.2,28.3,,2.4,83.62,0.932
SGP,Asia,Singapore,06-22-2020,42313,218,213.571,26,0,0,7232.567,37.263,36.506,4.444,0,0,0.74,,,,,,,,,684359,,116.978,,15453,2.641,0.014,72.4,samples tested,,,,,,50.93,5850343,7915.731,42.4,12.922,7.049,85535.383,,92.243,10.99,5.2,28.3,,2.4,83.62,0.932
SGP,Asia,Singapore,06-23-2020,42432,119,209,26,0,0,7252.908,20.341,35.724,4.444,0,0,0.74,,,,,,,,,,,,,14743,2.52,0.014,70.5,samples tested,,,,,,50.93,5850343,7915.731,42.4,12.922,7.049,85535.383,,92.243,10.99,5.2,28.3,,2.4,83.62,0.932
SGP,Asia,Singapore,06-24-2020,42623,191,201,26,0,0,7285.556,32.648,34.357,4.444,0,0,0.76,,,,,,,,,,,,,14033,2.399,0.014,69.8,samples tested,,,,,,50.93,5850343,7915.731,42.4,12.922,7.049,85535.383,,92.243,10.99,5.2,28.3,,2.4,83.62,0.932
SGP,Asia,Singapore,06-25-2020,42736,113,180.429,26,0,0,7304.871,19.315,30.841,4.444,0,0,0.79,,,,,,,,,,,,,13323,2.277,0.014,73.8,samples tested,,,,,,50.93,5850343,7915.731,42.4,12.922,7.049,85535.383,,92.243,10.99,5.2,28.3,,2.4,83.62,0.932
SGP,Asia,Singapore,06-26-2020,42955,219,191.429,26,0,0,7342.305,37.434,32.721,4.444,0,0,0.84,,,,,,,,,,,,,12613,2.156,0.015,65.9,samples tested,,,,,,50.93,5850343,7915.731,42.4,12.922,7.049,85535.383,,92.243,10.99,5.2,28.3,,2.4,83.62,0.932
SGP,Asia,Singapore,06-27-2020,43246,291,201.857,26,0,0,7392.045,49.741,34.503,4.444,0,0,0.89,,,,,,,,,,,,,11904,2.035,0.017,59,samples tested,,,,,,50.93,5850343,7915.731,42.4,12.922,7.049,85535.383,,92.243,10.99,5.2,28.3,,2.4,83.62,0.932
SGP,Asia,Singapore,06-28-2020,43459,213,194.857,26,0,0,7428.453,36.408,33.307,4.444,0,0,0.89,,,,,,,,,,,,,11194,1.913,0.017,57.4,samples tested,,,,,,50.93,5850343,7915.731,42.4,12.922,7.049,85535.383,,92.243,10.99,5.2,28.3,,2.4,83.62,0.932
SGP,Asia,Singapore,06-29-2020,43661,202,192.571,26,0,0,7462.981,34.528,32.916,4.444,0,0,0.9,,,,,,,,,757746,,129.522,,10484,1.792,0.018,54.4,samples tested,,,,,,50.93,5850343,7915.731,42.4,12.922,7.049,85535.383,,92.243,10.99,5.2,28.3,,2.4,83.62,0.932
SGP,Asia,Singapore,06-30-2020,43907,246,210.714,26,0,0,7505.03,42.049,36.017,4.444,0,0,0.9,,,,,,,,,,,,,11204,1.915,0.019,53.2,samples tested,,,,,,50.93,5850343,7915.731,42.4,12.922,7.049,85535.383,,92.243,10.99,5.2,28.3,,2.4,83.62,0.932
SGP,Asia,Singapore,07-01-2020,44122,215,214.143,26,0,0,7541.78,36.75,36.603,4.444,0,0,0.89,,,,,,,,,,,,,11924,2.038,0.018,55.7,samples tested,,,,,,50.93,5850343,7915.731,42.4,12.922,7.049,85535.383,,92.243,10.99,5.2,28.3,,2.4,83.62,0.932
SGP,Asia,Singapore,07-02-2020,44310,188,224.857,26,0,0,7573.915,32.135,38.435,4.444,0,0,0.88,,,,,,,,,,,,,12644,2.161,0.018,56.2,samples tested,,,,,,50.93,5850343,7915.731,42.4,12.922,7.049,85535.383,,92.243,10.99,5.2,28.3,,2.4,83.62,0.932
SGP,Asia,Singapore,07-03-2020,44479,169,217.714,26,0,0,7602.802,28.887,37.214,4.444,0,0,0.87,,,,,,,,,,,,,13364,2.284,0.016,61.4,samples tested,,,,,,50.93,5850343,7915.731,42.4,12.922,7.049,85535.383,,92.243,10.99,5.2,28.3,,2.4,83.62,0.932
SGP,Asia,Singapore,07-04-2020,44664,185,202.571,26,0,0,7634.424,31.622,34.626,4.444,0,0,0.87,,,,,,,,,,,,,14084,2.407,0.014,69.5,samples tested,,,,,,50.93,5850343,7915.731,42.4,12.922,7.049,85535.383,,92.243,10.99,5.2,28.3,,2.4,83.62,0.932
SGP,Asia,Singapore,07-05-2020,44800,136,191.571,26,0,0,7657.671,23.247,32.745,4.444,0,0,0.87,,,,,,,,,,,,,14804,2.53,0.013,77.3,samples tested,,,,,,50.93,5850343,7915.731,42.4,12.922,7.049,85535.383,,92.243,10.99,5.2,28.3,,2.4,83.62,0.932
SGP,Asia,Singapore,07-06-2020,44983,183,188.857,26,0,0,7688.951,31.28,32.281,4.444,0,0,0.89,,,,,,,,,866414,,148.096,,15524,2.654,0.012,82.2,samples tested,,,,,,50.93,5850343,7915.731,42.4,12.922,7.049,85535.383,,92.243,10.99,5.2,28.3,,2.4,83.62,0.932
SGP,Asia,Singapore,07-07-2020,45140,157,176.143,26,0,0,7715.787,26.836,30.108,4.444,0,0,0.9,,,,,,,,,,,,,16227,2.774,0.011,92.1,samples tested,,,,,,50.93,5850343,7915.731,42.4,12.922,7.049,85535.383,,92.243,10.99,5.2,28.3,,2.4,83.62,0.932
SGP,Asia,Singapore,07-08-2020,45298,158,168,26,0,0,7742.794,27.007,28.716,4.444,0,0,0.92,,,,,,,,,,,,,16930,2.894,0.01,100.8,samples tested,,,,,,50.93,5850343,7915.731,42.4,12.922,7.049,85535.383,,92.243,10.99,5.2,28.3,,2.4,83.62,0.932
SGP,Asia,Singapore,07-09-2020,45423,125,159,26,0,0,7764.16,21.366,27.178,4.444,0,0,0.96,,,,,,,,,,,,,17633,3.014,0.009,110.9,samples tested,,,,,,50.93,5850343,7915.731,42.4,12.922,7.049,85535.383,,92.243,10.99,5.2,28.3,,2.4,83.62,0.932
SGP,Asia,Singapore,07-10-2020,45614,191,162.143,26,0,0,7796.808,32.648,27.715,4.444,0,0,1.02,,,,,,,,,,,,,18336,3.134,0.009,113.1,samples tested,,,,,,50.93,5850343,7915.731,42.4,12.922,7.049,85535.383,,92.243,10.99,5.2,28.3,,2.4,83.62,0.932
SGP,Asia,Singapore,07-11-2020,45783,169,159.857,26,0,0,7825.695,28.887,27.324,4.444,0,0,1.07,,,,,,,,,,,,,19039,3.254,0.008,119.1,samples tested,,,,,,50.93,5850343,7915.731,42.4,12.922,7.049,85535.383,,92.243,10.99,5.2,28.3,,2.4,83.62,0.932
SGP,Asia,Singapore,07-12-2020,45961,178,165.857,26,0,0,7856.121,30.426,28.35,4.444,0,0,1.13,,,,,,,,,,,,,19742,3.375,0.008,119,samples tested,,,,,,50.93,5850343,7915.731,42.4,12.922,7.049,85535.383,,92.243,10.99,5.2,28.3,,2.4,83.62,0.932
SGP,Asia,Singapore,07-13-2020,46283,322,185.714,26,0,0,7911.16,55.04,31.744,4.444,0,0,1.21,,,,,,,,,1009532,,172.559,,20445,3.495,0.009,110.1,samples tested,,,,,,50.93,5850343,7915.731,42.4,12.922,7.049,85535.383,,92.243,10.99,5.2,28.3,,2.4,83.62,0.932
SGP,Asia,Singapore,07-14-2020,46630,347,212.857,27,1,0.143,7970.473,59.313,36.384,4.615,0.171,0.024,1.23,,,,,,,,,,,,,20801,3.556,0.01,97.7,samples tested,,,,,,50.93,5850343,7915.731,42.4,12.922,7.049,85535.383,,92.243,10.99,5.2,28.3,,2.4,83.62,0.932
SGP,Asia,Singapore,07-15-2020,46878,248,225.714,27,0,0.143,8012.864,42.391,38.581,4.615,0,0.024,1.21,,,,,,,,,,,,,21156,3.616,0.011,93.7,samples tested,,,,,,50.93,5850343,7915.731,42.4,12.922,7.049,85535.383,,92.243,10.99,5.2,28.3,,2.4,83.62,0.932
SGP,Asia,Singapore,07-16-2020,47126,248,243.286,27,0,0.143,8055.254,42.391,41.585,4.615,0,0.024,1.19,,,,,,,,,,,,,21511,3.677,0.011,88.4,samples tested,,,,,,50.93,5850343,7915.731,42.4,12.922,7.049,85535.383,,92.243,10.99,5.2,28.3,,2.4,83.62,0.932
SGP,Asia,Singapore,07-17-2020,47453,327,262.714,27,0,0.143,8111.148,55.894,44.906,4.615,0,0.024,1.19,,,,,,,,,,,,,21866,3.738,0.012,83.2,samples tested,,,,,,50.93,5850343,7915.731,42.4,12.922,7.049,85535.383,,92.243,10.99,5.2,28.3,,2.4,83.62,0.932
SGP,Asia,Singapore,07-18-2020,47655,202,267.429,27,0,0.143,8145.676,34.528,45.712,4.615,0,0.024,1.16,,,,,,,,,,,,,22221,3.798,0.012,83.1,samples tested,,,,,,50.93,5850343,7915.731,42.4,12.922,7.049,85535.383,,92.243,10.99,5.2,28.3,,2.4,83.62,0.932
SGP,Asia,Singapore,07-19-2020,47912,257,278.714,27,0,0.143,8189.605,43.929,47.641,4.615,0,0.024,1.16,,,,,,,,,,,,,22576,3.859,0.012,81,samples tested,,,,,,50.93,5850343,7915.731,42.4,12.922,7.049,85535.383,,92.243,10.99,5.2,28.3,,2.4,83.62,0.932
SGP,Asia,Singapore,07-20-2020,48035,123,250.286,27,0,0.143,8210.63,21.024,42.781,4.615,0,0.024,1.17,,,,,,,,,1170049,,199.997,,22931,3.92,0.011,91.6,samples tested,,,,,,50.93,5850343,7915.731,42.4,12.922,7.049,85535.383,,92.243,10.99,5.2,28.3,,2.4,83.62,0.932
SGP,Asia,Singapore,07-21-2020,48434,399,257.714,27,0,0,8278.831,68.201,44.051,4.615,0,0,1.23,,,,,,,,,,,,,22738,3.887,0.011,88.2,samples tested,,,,,,50.93,5850343,7915.731,42.4,12.922,7.049,85535.383,,92.243,10.99,5.2,28.3,,2.4,83.62,0.932
SGP,Asia,Singapore,07-22-2020,48744,310,266.571,27,0,0,8331.819,52.988,45.565,4.615,0,0,1.25,,,,,,,,,,,,,22544,3.853,0.012,84.6,samples tested,,,,,,50.93,5850343,7915.731,42.4,12.922,7.049,85535.383,,92.243,10.99,5.2,28.3,,2.4,83.62,0.932
SGP,Asia,Singapore,07-23-2020,49098,354,281.714,27,0,0,8392.328,60.509,48.153,4.615,0,0,1.26,,,,,,,,,,,,,22351,3.82,0.013,79.3,samples tested,,,,,,50.93,5850343,7915.731,42.4,12.922,7.049,85535.383,,92.243,10.99,5.2,28.3,,2.4,83.62,0.932
SGP,Asia,Singapore,07-24-2020,49375,277,274.571,27,0,0,8439.676,47.348,46.933,4.615,0,0,1.27,,,,,,,,,,,,,22158,3.787,0.012,80.7,samples tested,,,,,,50.93,5850343,7915.731,42.4,12.922,7.049,85535.383,,92.243,10.99,5.2,28.3,,2.4,83.62,0.932
SGP,Asia,Singapore,07-25-2020,49888,513,319,27,0,0,8527.363,87.687,54.527,4.615,0,0,1.3,,,,,,,,,,,,,21964,3.754,0.015,68.9,samples tested,,,,,,50.93,5850343,7915.731,42.4,12.922,7.049,85535.383,,92.243,10.99,5.2,28.3,,2.4,83.62,0.932
SGP,Asia,Singapore,07-26-2020,50369,481,351,27,0,0,8609.581,82.217,59.996,4.615,0,0,1.27,,,,,,,,,,,,,21771,3.721,0.016,62,samples tested,,,,,,50.93,5850343,7915.731,42.4,12.922,7.049,85535.383,,92.243,10.99,5.2,28.3,,2.4,83.62,0.932
SGP,Asia,Singapore,07-27-2020,50838,469,400.429,27,0,0,8689.747,80.166,68.445,4.615,0,0,1.22,,,,,,,,,1321094,,225.815,,21578,3.688,0.019,53.9,samples tested,,,,,,50.93,5850343,7915.731,42.4,12.922,7.049,85535.383,,92.243,10.99,5.2,28.3,,2.4,83.62,0.932
SGP,Asia,Singapore,07-28-2020,51197,359,394.714,27,0,0,8751.111,61.364,67.469,4.615,0,0,1.16,,,,,,,,,,,,,21623,3.696,0.018,54.8,samples tested,,,,,,50.93,5850343,7915.731,42.4,12.922,7.049,85535.383,,92.243,10.99,5.2,28.3,,2.4,83.62,0.932
SGP,Asia,Singapore,07-29-2020,51531,334,398.143,27,0,0,8808.202,57.091,68.055,4.615,0,0,1.1,,,,,,,,,,,,,21669,3.704,0.018,54.4,samples tested,,,,,,50.93,5850343,7915.731,42.4,12.922,7.049,85535.383,,92.243,10.99,5.2,28.3,,2.4,83.62,0.932
SGP,Asia,Singapore,07-30-2020,51809,278,387.286,27,0,0,8855.72,47.519,66.199,4.615,0,0,1.06,,,,,,,,,,,,,21715,3.712,0.018,56.1,samples tested,,,,,,50.93,5850343,7915.731,42.4,12.922,7.049,85535.383,,92.243,10.99,5.2,28.3,,2.4,83.62,0.932
SGP,Asia,Singapore,07-31-2020,52205,396,404.286,27,0,0,8923.408,67.688,69.105,4.615,0,0,1.05,,,,,,,,,,,,,21760,3.719,0.019,53.8,samples tested,,,,,,50.93,5850343,7915.731,42.4,12.922,7.049,85535.383,,92.243,10.99,5.2,28.3,,2.4,83.62,0.932
SGP,Asia,Singapore,08-01-2020,52512,307,374.857,27,0,0,8975.884,52.476,64.074,4.615,0,0,1.02,,,,,,,,,,,,,21806,3.727,0.017,58.2,samples tested,,,,,,50.93,5850343,7915.731,42.4,12.922,7.049,85535.383,,92.243,10.99,5.2,28.3,,2.4,83.62,0.932
SGP,Asia,Singapore,08-02-2020,52825,313,350.857,27,0,0,9029.385,53.501,59.972,4.615,0,0,1,,,,,,,,,,,,,21851,3.735,0.016,62.3,samples tested,,,,,,50.93,5850343,7915.731,42.4,12.922,7.049,85535.383,,92.243,10.99,5.2,28.3,,2.4,83.62,0.932
SGP,Asia,Singapore,08-03-2020,53051,226,316.143,27,0,0,9068.015,38.63,54.038,4.615,0,0,1,,,,,,,,,1474372,,252.015,,21897,3.743,0.014,69.3,samples tested,,,,,,50.93,5850343,7915.731,42.4,12.922,7.049,85535.383,,92.243,10.99,5.2,28.3,,2.4,83.62,0.932
SGP,Asia,Singapore,08-04-2020,53346,295,307,27,0,0,9118.44,50.424,52.476,4.615,0,0,1.02,,,,,,,,,,,,,21207,3.625,0.014,69.1,samples tested,,,,,,50.93,5850343,7915.731,42.4,12.922,7.049,85535.383,,92.243,10.99,5.2,28.3,,2.4,83.62,0.932
SGP,Asia,Singapore,08-05-2020,54254,908,389,27,0,0,9273.644,155.205,66.492,4.615,0,0,1.05,,,,,,,,,,,,,20517,3.507,0.019,52.7,samples tested,,,,,,50.93,5850343,7915.731,42.4,12.922,7.049,85535.383,,92.243,10.99,5.2,28.3,,2.4,83.62,0.932
SGP,Asia,Singapore,08-06-2020,54555,301,392.286,27,0,0,9325.094,51.45,67.053,4.615,0,0,0.92,,,,,,,,,,,,,19827,3.389,0.02,50.5,samples tested,,,,,,50.93,5850343,7915.731,42.4,12.922,7.049,85535.383,,92.243,10.99,5.2,28.3,,2.4,83.62,0.932
SGP,Asia,Singapore,08-07-2020,54797,242,370.286,27,0,0,9366.459,41.365,63.293,4.615,0,0,0.81,,,,,,,,,,,,,19137,3.271,0.019,51.7,samples tested,,,,,,50.93,5850343,7915.731,42.4,12.922,7.049,85535.383,,92.243,10.99,5.2,28.3,,2.4,83.62,0.932
SGP,Asia,Singapore,08-08-2020,54929,132,345.286,27,0,0,9389.022,22.563,59.02,4.615,0,0,0.71,,,,,,,,,,,,,18447,3.153,0.019,53.4,samples tested,,,,,,50.93,5850343,7915.731,42.4,12.922,7.049,85535.383,,92.243,10.99,5.2,28.3,,2.4,83.62,0.932
SGP,Asia,Singapore,08-09-2020,55104,175,325.571,27,0,0,9418.935,29.913,55.65,4.615,0,0,0.64,,,,,,,,,,,,,17757,3.035,0.018,54.5,samples tested,,,,,,50.93,5850343,7915.731,42.4,12.922,7.049,85535.383,,92.243,10.99,5.2,28.3,,2.4,83.62,0.932
SGP,Asia,Singapore,08-10-2020,55292,188,320.143,27,0,0,9451.07,32.135,54.722,4.615,0,0,0.59,,,,,,,,,,,,,17067,2.917,0.019,53.3,samples tested,,,,,,50.93,5850343,7915.731,42.4,12.922,7.049,85535.383,,92.243,10.99,5.2,28.3,,2.4,83.62,0.932
SGP,Asia,Singapore,08-11-2020,55353,61,286.714,27,0,0,9461.497,10.427,49.008,4.615,0,0,0.53,,,,,,,,,1610906,,275.352,,17067,2.917,0.017,59.5,samples tested,,,,,,50.93,5850343,7915.731,42.4,12.922,7.049,85535.383,,92.243,10.99,5.2,28.3,,2.4,83.62,0.932
SGP,Asia,Singapore,08-12-2020,55395,42,163,27,0,0,9468.676,7.179,27.862,4.615,0,0,0.5,,,,,,,,,,,,,17384,2.971,0.009,106.7,samples tested,,,,,,50.93,5850343,7915.731,42.4,12.922,7.049,85535.383,,92.243,10.99,5.2,28.3,,2.4,83.62,0.932
SGP,Asia,Singapore,08-13-2020,55497,102,134.571,27,0,0,9486.11,17.435,23.002,4.615,0,0,0.5,,,,,,,,,,,,,17702,3.026,0.008,131.5,samples tested,,,,,,50.93,5850343,7915.731,42.4,12.922,7.049,85535.383,,92.243,10.99,5.2,28.3,,2.4,83.62,0.932
SGP,Asia,Singapore,08-14-2020,55580,83,111.857,27,0,0,9500.298,14.187,19.12,4.615,0,0,0.5,,,,,,,,,,,,,18019,3.08,0.006,161.1,samples tested,,,,,,50.93,5850343,7915.731,42.4,12.922,7.049,85535.383,,92.243,10.99,5.2,28.3,,2.4,83.62,0.932
SGP,Asia,Singapore,08-15-2020,55661,81,104.571,27,0,0,9514.143,13.845,17.874,4.615,0,0,0.51,,,,,,,,,,,,,18337,3.134,0.006,175.4,samples tested,,,,,,50.93,5850343,7915.731,42.4,12.922,7.049,85535.383,,92.243,10.99,5.2,28.3,,2.4,83.62,0.932
SGP,Asia,Singapore,08-16-2020,55747,86,91.857,27,0,0,9528.843,14.7,15.701,4.615,0,0,0.53,,,,,,,,,,,,,18654,3.189,0.005,203.1,samples tested,,,,,,50.93,5850343,7915.731,42.4,12.922,7.049,85535.383,,92.243,10.99,5.2,28.3,,2.4,83.62,0.932
SGP,Asia,Singapore,08-17-2020,55838,91,78,27,0,0,9544.398,15.555,13.333,4.615,0,0,0.55,,,,,,,,,,,,,18971,3.243,0.004,243.2,samples tested,,,,,,50.93,5850343,7915.731,42.4,12.922,7.049,85535.383,,92.243,10.99,5.2,28.3,,2.4,83.62,0.932
SGP,Asia,Singapore,08-18-2020,55938,100,83.571,27,0,0,9561.491,17.093,14.285,4.615,0,0,0.57,,,,,,,,,1745928,,298.432,,19289,3.297,0.004,230.8,samples tested,,,,,,50.93,5850343,7915.731,42.4,12.922,7.049,85535.383,,92.243,10.99,5.2,28.3,,2.4,83.62,0.932
SGP,Asia,Singapore,08-19-2020,56031,93,90.857,27,0,0,9577.387,15.897,15.53,4.615,0,0,0.58,,,,,,,,,,,,,18602,3.18,0.005,204.7,samples tested,,,,,,50.93,5850343,7915.731,42.4,12.922,7.049,85535.383,,92.243,10.99,5.2,28.3,,2.4,83.62,0.932
SGP,Asia,Singapore,08-20-2020,56099,68,86,27,0,0,9589.01,11.623,14.7,4.615,0,0,0.59,,,,,,,,,,,,,17915,3.062,0.005,208.3,samples tested,,,,,,50.93,5850343,7915.731,42.4,12.922,7.049,85535.383,,92.243,10.99,5.2,28.3,,2.4,83.62,0.932
SGP,Asia,Singapore,08-21-2020,56216,117,90.857,27,0,0,9609.009,19.999,15.53,4.615,0,0,0.61,,,,,,,,,,,,,17228,2.945,0.005,189.6,samples tested,,,,,,50.93,5850343,7915.731,42.4,12.922,7.049,85535.383,,92.243,10.99,5.2,28.3,,2.4,83.62,0.932
SGP,Asia,Singapore,08-22-2020,56266,50,86.429,27,0,0,9617.556,8.547,14.773,4.615,0,0,0.6,,,,,,,,,,,,,16541,2.827,0.005,191.4,samples tested,,,,,,50.93,5850343,7915.731,42.4,12.922,7.049,85535.383,,92.243,10.99,5.2,28.3,,2.4,83.62,0.932
SGP,Asia,Singapore,08-23-2020,56353,87,86.571,27,0,0,9632.427,14.871,14.798,4.615,0,0,0.6,,,,,,,,,,,,,15855,2.71,0.005,183.1,samples tested,,,,,,50.93,5850343,7915.731,42.4,12.922,7.049,85535.383,,92.243,10.99,5.2,28.3,,2.4,83.62,0.932
SGP,Asia,Singapore,08-24-2020,56404,51,80.857,27,0,0,9641.144,8.717,13.821,4.615,0,0,0.6,,,,,,,,,1832813,,313.283,,15168,2.593,0.005,187.6,samples tested,,,,,,50.93,5850343,7915.731,42.4,12.922,7.049,85535.383,,92.243,10.99,5.2,28.3,,2.4,83.62,0.932
SGP,Asia,Singapore,08-25-2020,56435,31,71,27,0,0,9646.443,5.299,12.136,4.615,0,0,0.6,,,,,,,,,,,,,17218,2.943,0.004,242.5,samples tested,,,,,,50.93,5850343,7915.731,42.4,12.922,7.049,85535.383,,92.243,10.99,5.2,28.3,,2.4,83.62,0.932
SGP,Asia,Singapore,08-26-2020,56495,60,66.286,27,0,0,9656.699,10.256,11.33,4.615,0,0,0.64,,,,,,,,,,,,,19955,3.411,0.003,301,samples tested,,,,,,50.93,5850343,7915.731,42.4,12.922,7.049,85535.383,,92.243,10.99,5.2,28.3,,2.4,83.62,0.932
SGP,Asia,Singapore,08-27-2020,56572,77,67.571,27,0,0,9669.86,13.162,11.55,4.615,0,0,0.67,,,,,,,,,,,,,22691,3.879,0.003,335.8,samples tested,,,,,,50.93,5850343,7915.731,42.4,12.922,7.049,85535.383,,92.243,10.99,5.2,28.3,,2.4,83.62,0.932
SGP,Asia,Singapore,08-28-2020,56666,94,64.286,27,0,0,9685.928,16.067,10.988,4.615,0,0,0.68,,,,,,,,,,,,,25428,4.346,0.003,395.5,samples tested,,,,,,50.93,5850343,7915.731,42.4,12.922,7.049,85535.383,,92.243,10.99,5.2,28.3,,2.4,83.62,0.932
SGP,Asia,Singapore,08-29-2020,56717,51,64.429,27,0,0,9694.645,8.717,11.013,4.615,0,0,0.66,,,,,,,,,,,,,28165,4.814,0.002,437.1,samples tested,,,,,,50.93,5850343,7915.731,42.4,12.922,7.049,85535.383,,92.243,10.99,5.2,28.3,,2.4,83.62,0.932
SGP,Asia,Singapore,08-30-2020,56771,54,59.714,27,0,0,9703.875,9.23,10.207,4.615,0,0,0.64,,,,,,,,,,,,,30902,5.282,0.002,517.5,samples tested,,,,,,50.93,5850343,7915.731,42.4,12.922,7.049,85535.383,,92.243,10.99,5.2,28.3,,2.4,83.62,0.932
SGP,Asia,Singapore,08-31-2020,56812,41,58.286,27,0,0,9710.884,7.008,9.963,4.615,0,0,0.63,,,,,,,,,2068284,,353.532,,33639,5.75,0.002,577.1,samples tested,,,,,,50.93,5850343,7915.731,42.4,12.922,7.049,85535.383,,92.243,10.99,5.2,28.3,,2.4,83.62,0.932
SGP,Asia,Singapore,09-01-2020,56852,40,59.571,27,0,0,9717.721,6.837,10.183,4.615,0,0,0.62,,,,,,,,,,,,,33176,5.671,0.002,556.9,samples tested,,,,,,50.93,5850343,7915.731,42.4,12.922,7.049,85535.383,,92.243,10.99,5.2,28.3,,2.4,83.62,0.932
SGP,Asia,Singapore,09-02-2020,56860,8,52.143,27,0,0,9719.088,1.367,8.913,4.615,0,0,0.62,,,,,,,,,,,,,32714,5.592,0.002,627.4,samples tested,,,,,,50.93,5850343,7915.731,42.4,12.922,7.049,85535.383,,92.243,10.99,5.2,28.3,,2.4,83.62,0.932
SGP,Asia,Singapore,09-03-2020,56908,48,48,27,0,0,9727.293,8.205,8.205,4.615,0,0,0.67,,,,,,,,,,,,,32252,5.513,0.001,671.9,samples tested,,,,,,50.93,5850343,7915.731,42.4,12.922,7.049,85535.383,,92.243,10.99,5.2,28.3,,2.4,83.62,0.932
SGP,Asia,Singapore,09-04-2020,56948,40,40.286,27,0,0,9734.13,6.837,6.886,4.615,0,0,0.7,,,,,,,,,,,,,31790,5.434,0.001,789.1,samples tested,,,,,,50.93,5850343,7915.731,42.4,12.922,7.049,85535.383,,92.243,10.99,5.2,28.3,,2.4,83.62,0.932
SGP,Asia,Singapore,09-05-2020,56982,34,37.857,27,0,0,9739.942,5.812,6.471,4.615,0,0,0.73,,,,,,,,,,,,,31327,5.355,0.001,827.5,samples tested,,,,,,50.93,5850343,7915.731,42.4,12.922,7.049,85535.383,,92.243,10.99,5.2,28.3,,2.4,83.62,0.932
SGP,Asia,Singapore,09-06-2020,57022,40,35.857,27,0,0,9746.779,6.837,6.129,4.615,0,0,0.77,,,,,,,,,,,,,30865,5.276,0.001,860.8,samples tested,,,,,,50.93,5850343,7915.731,42.4,12.922,7.049,85535.383,,92.243,10.99,5.2,28.3,,2.4,83.62,0.932
SGP,Asia,Singapore,09-07-2020,57044,22,33.143,27,0,0,9750.539,3.76,5.665,4.615,0,0,0.82,,,,,,,,,2281104,,389.909,,30403,5.197,0.001,917.3,samples tested,,,,,,50.93,5850343,7915.731,42.4,12.922,7.049,85535.383,,92.243,10.99,5.2,28.3,,2.4,83.62,0.932
SGP,Asia,Singapore,09-08-2020,57091,47,34.143,27,0,0,9758.573,8.034,5.836,4.615,0,0,0.89,,,,,,,,,,,,,29934,5.117,0.001,876.7,samples tested,,,,,,50.93,5850343,7915.731,42.4,12.922,7.049,85535.383,,92.243,10.99,5.2,28.3,,2.4,83.62,0.932
SGP,Asia,Singapore,09-09-2020,57166,75,43.714,27,0,0,9771.393,12.82,7.472,4.615,0,0,0.96,,,,,,,,,,,,,29465,5.036,0.001,674,samples tested,,,,,,50.93,5850343,7915.731,42.4,12.922,7.049,85535.383,,92.243,10.99,5.2,28.3,,2.4,83.62,0.932
SGP,Asia,Singapore,09-10-2020,57229,63,45.857,27,0,0,9782.161,10.769,7.838,4.615,0,0,0.98,,,,,,,,,,,,,28996,4.956,0.002,632.3,samples tested,,,,,,50.93,5850343,7915.731,42.4,12.922,7.049,85535.383,,92.243,10.99,5.2,28.3,,2.4,83.62,0.932
SGP,Asia,Singapore,09-11-2020,57315,86,52.429,27,0,0,9796.861,14.7,8.962,4.615,0,0,0.96,,,,,,,,,,,,,28528,4.876,0.002,544.1,samples tested,,,,,,50.93,5850343,7915.731,42.4,12.922,7.049,85535.383,,92.243,10.99,5.2,28.3,,2.4,83.62,0.932
SGP,Asia,Singapore,09-12-2020,57357,42,53.571,27,0,0,9804.041,7.179,9.157,4.615,0,0,0.9,,,,,,,,,,,,,28059,4.796,0.002,523.8,samples tested,,,,,,50.93,5850343,7915.731,42.4,12.922,7.049,85535.383,,92.243,10.99,5.2,28.3,,2.4,83.62,0.932
SGP,Asia,Singapore,09-13-2020,57406,49,54.857,27,0,0,9812.416,8.376,9.377,4.615,0,0,0.84,,,,,,,,,,,,,27590,4.716,0.002,502.9,samples tested,,,,,,50.93,5850343,7915.731,42.4,12.922,7.049,85535.383,,92.243,10.99,5.2,28.3,,2.4,83.62,0.932
SGP,Asia,Singapore,09-14-2020,57454,48,58.571,27,0,0,9820.621,8.205,10.012,4.615,0,0,0.78,,,,,,,,,,,,,27121,4.636,0.002,463,samples tested,,,,,,50.93,5850343,7915.731,42.4,12.922,7.049,85535.383,,92.243,10.99,5.2,28.3,,2.4,83.62,0.932
SGP,Asia,Singapore,09-15-2020,57488,34,56.714,27,0,0,9826.432,5.812,9.694,4.615,0,0,0.72,,,,,,,,,2498073,,426.996,,27121,4.636,0.002,478.2,samples tested,,,,,,50.93,5850343,7915.731,42.4,12.922,7.049,85535.383,,92.243,10.99,5.2,28.3,,2.4,83.62,0.932
SGP,Asia,Singapore,09-16-2020,57514,26,49.714,27,0,0,9830.877,4.444,8.498,4.615,0,0,0.66,,,,,,,,,,,,,27865,4.763,0.002,560.5,samples tested,,,,,,50.93,5850343,7915.731,42.4,12.922,7.049,85535.383,,92.243,10.99,5.2,28.3,,2.4,83.62,0.932
SGP,Asia,Singapore,09-17-2020,57532,18,43.286,27,0,0,9833.953,3.077,7.399,4.615,0,0,0.61,,,,,,,,,,,,,28609,4.89,0.002,660.9,samples tested,,,,,,50.93,5850343,7915.731,42.4,12.922,7.049,85535.383,,92.243,10.99,5.2,28.3,,2.4,83.62,0.932
SGP,Asia,Singapore,09-18-2020,57543,11,32.571,27,0,0,9835.834,1.88,5.567,4.615,0,0,0.58,,,,,,,,,,,,,29353,5.017,0.001,901.2,samples tested,,,,,,50.93,5850343,7915.731,42.4,12.922,7.049,85535.383,,92.243,10.99,5.2,28.3,,2.4,83.62,0.932
SGP,Asia,Singapore,09-19-2020,57558,15,28.714,27,0,0,9838.398,2.564,4.908,4.615,0,0,0.58,,,,,,,,,,,,,30097,5.144,0.001,1048.2,samples tested,,,,,,50.93,5850343,7915.731,42.4,12.922,7.049,85535.383,,92.243,10.99,5.2,28.3,,2.4,83.62,0.932
SGP,Asia,Singapore,09-20-2020,57576,18,24.286,27,0,0,9841.474,3.077,4.151,4.615,0,0,0.6,,,,,,,,,,,,,30841,5.272,0.001,1269.9,samples tested,,,,,,50.93,5850343,7915.731,42.4,12.922,7.049,85535.383,,92.243,10.99,5.2,28.3,,2.4,83.62,0.932
SGP,Asia,Singapore,09-21-2020,57606,30,21.714,27,0,0,9846.602,5.128,3.712,4.615,0,0,0.62,,,,,,,,,2692047,,460.152,,31585,5.399,0.001,1454.6,samples tested,,,,,,50.93,5850343,7915.731,42.4,12.922,7.049,85535.383,,92.243,10.99,5.2,28.3,,2.4,83.62,0.932
SGP,Asia,Singapore,09-22-2020,57627,21,19.857,27,0,0,9850.192,3.59,3.394,4.615,0,0,0.62,,,,,,,,,,,,,31660,5.412,0.001,1594.4,samples tested,,,,,,50.93,5850343,7915.731,42.4,12.922,7.049,85535.383,,92.243,10.99,5.2,28.3,,2.4,83.62,0.932
SGP,Asia,Singapore,09-23-2020,57639,12,17.857,27,0,0,9852.243,2.051,3.052,4.615,0,0,0.61,,,,,,,,,,,,,30990,5.297,0.001,1735.5,samples tested,,,,,,50.93,5850343,7915.731,42.4,12.922,7.049,85535.383,,92.243,10.99,5.2,28.3,,2.4,83.62,0.932
SGP,Asia,Singapore,09-24-2020,57654,15,17.429,27,0,0,9854.807,2.564,2.979,4.615,0,0,0.62,,,,,,,,,,,,,30321,5.183,0.001,1739.7,samples tested,,,,,,50.93,5850343,7915.731,42.4,12.922,7.049,85535.383,,92.243,10.99,5.2,28.3,,2.4,83.62,0.932
SGP,Asia,Singapore,09-25-2020,57665,11,17.429,27,0,0,9856.687,1.88,2.979,4.615,0,0,0.64,,,,,,,,,,,,,29651,5.068,0.001,1701.2,samples tested,,,,,,50.93,5850343,7915.731,42.4,12.922,7.049,85535.383,,92.243,10.99,5.2,28.3,,2.4,83.62,0.932
SGP,Asia,Singapore,09-26-2020,57685,20,18.143,27,0,0,9860.106,3.419,3.101,4.615,0,0,0.68,,,,,,,,,,,,,28982,4.954,0.001,1597.4,samples tested,,,,,,50.93,5850343,7915.731,42.4,12.922,7.049,85535.383,,92.243,10.99,5.2,28.3,,2.4,83.62,0.932
SGP,Asia,Singapore,09-27-2020,57700,15,17.714,27,0,0,9862.67,2.564,3.028,4.615,0,0,0.7,,,,,,,,,,,,,28312,4.839,0.001,1598.3,samples tested,,,,,,50.93,5850343,7915.731,42.4,12.922,7.049,85535.383,,92.243,10.99,5.2,28.3,,2.4,83.62,0.932
SGP,Asia,Singapore,09-28-2020,57715,15,15.571,27,0,0,9865.234,2.564,2.662,4.615,0,0,0.73,,,,,,,,,2885545,,493.227,,27643,4.725,0.001,1775.3,samples tested,,,,,,50.93,5850343,7915.731,42.4,12.922,7.049,85535.383,,92.243,10.99,5.2,28.3,,2.4,83.62,0.932
SGP,Asia,Singapore,09-29-2020,57742,27,16.429,27,0,0,9869.849,4.615,2.808,4.615,0,0,0.76,,,,,,,,,,,,,27506,4.702,0.001,1674.2,samples tested,,,,,,50.93,5850343,7915.731,42.4,12.922,7.049,85535.383,,92.243,10.99,5.2,28.3,,2.4,83.62,0.932
SGP,Asia,Singapore,09-30-2020,57765,23,18,27,0,0,9873.78,3.931,3.077,4.615,0,0,0.75,,,,,,,,,,,,,27370,4.678,0.001,1520.6,samples tested,,,,,,50.93,5850343,7915.731,42.4,12.922,7.049,85535.383,,92.243,10.99,5.2,28.3,,2.4,83.62,0.932
SGP,Asia,Singapore,10-01-2020,57784,19,18.571,27,0,0,9877.028,3.248,3.174,4.615,0,0,0.71,,,,,,,,,,,,,27234,4.655,0.001,1466.5,samples tested,,,,,,48.15,5850343,7915.731,42.4,12.922,7.049,85535.383,,92.243,10.99,5.2,28.3,,2.4,83.62,0.932
SGP,Asia,Singapore,10-02-2020,57794,10,18.429,27,0,0,9878.737,1.709,3.15,4.615,0,0,0.66,,,,,,,,,,,,,27098,4.632,0.001,1470.4,samples tested,,,,,,48.15,5850343,7915.731,42.4,12.922,7.049,85535.383,,92.243,10.99,5.2,28.3,,2.4,83.62,0.932
SGP,Asia,Singapore,10-03-2020,57800,6,16.429,27,0,0,9879.763,1.026,2.808,4.615,0,0,0.63,,,,,,,,,,,,,26961,4.608,0.001,1641.1,samples tested,,,,,,48.15,5850343,7915.731,42.4,12.922,7.049,85535.383,,92.243,10.99,5.2,28.3,,2.4,83.62,0.932
SGP,Asia,Singapore,10-04-2020,57812,12,16,27,0,0,9881.814,2.051,2.735,4.615,0,0,0.62,,,,,,,,,,,,,26825,4.585,0.001,1676.6,samples tested,,,,,,48.15,5850343,7915.731,42.4,12.922,7.049,85535.383,,92.243,10.99,5.2,28.3,,2.4,83.62,0.932
SGP,Asia,Singapore,10-05-2020,57819,7,14.857,27,0,0,9883.01,1.197,2.54,4.615,0,0,0.62,,,,,,,,,3072368,,525.16,,26689,4.562,0.001,1796.4,samples tested,,,,,,48.15,5850343,7915.731,42.4,12.922,7.049,85535.383,,92.243,10.99,5.2,28.3,,2.4,83.62,0.932
SGP,Asia,Singapore,10-06-2020,57830,11,12.571,27,0,0,9884.891,1.88,2.149,4.615,0,0,0.63,,,,,,,,,,,,,27324,4.67,0,2173.6,samples tested,,,,,,48.15,5850343,7915.731,42.4,12.922,7.049,85535.383,,92.243,10.99,5.2,28.3,,2.4,83.62,0.932
SGP,Asia,Singapore,10-07-2020,57840,10,10.714,27,0,0,9886.6,1.709,1.831,4.615,0,0,0.63,,,,,,,,,,,,,27958,4.779,0,2609.5,samples tested,,,,,,48.15,5850343,7915.731,42.4,12.922,7.049,85535.383,,92.243,10.99,5.2,28.3,,2.4,83.62,0.932
SGP,Asia,Singapore,10-08-2020,57849,9,9.286,27,0,0,9888.138,1.538,1.587,4.615,0,0,0.63,,,,,,,,,,,,,28593,4.887,0,3079.2,samples tested,,,,,,48.15,5850343,7915.731,42.4,12.922,7.049,85535.383,,92.243,10.99,5.2,28.3,,2.4,83.62,0.932
SGP,Asia,Singapore,10-09-2020,57859,10,9.286,27,0,0,9889.847,1.709,1.587,4.615,0,0,0.63,,,,,,,,,,,,,29228,4.996,0,3147.5,samples tested,,,,,,48.15,5850343,7915.731,42.4,12.922,7.049,85535.383,,92.243,10.99,5.2,28.3,,2.4,83.62,0.932
SGP,Asia,Singapore,10-10-2020,57866,7,9.429,27,0,0,9891.044,1.197,1.612,4.615,0,0,0.62,,,,,,,,,,,,,29862,5.104,0,3167,samples tested,,,,,,48.15,5850343,7915.731,42.4,12.922,7.049,85535.383,,92.243,10.99,5.2,28.3,,2.4,83.62,0.932
SGP,Asia,Singapore,10-11-2020,57876,10,9.143,27,0,0,9892.753,1.709,1.563,4.615,0,0,0.62,,,,,,,,,,,,,30497,5.213,0,3335.6,samples tested,,,,,,48.15,5850343,7915.731,42.4,12.922,7.049,85535.383,,92.243,10.99,5.2,28.3,,2.4,83.62,0.932
SGP,Asia,Singapore,10-12-2020,57880,4,8.714,28,1,0.143,9893.437,0.684,1.49,4.786,0.171,0.024,0.6,,,,,,,,,3290291,,562.41,,31132,5.321,0,3572.6,samples tested,,,,,,48.15,5850343,7915.731,42.4,12.922,7.049,85535.383,,92.243,10.99,5.2,28.3,,2.4,83.62,0.932
SGP,Asia,Singapore,10-13-2020,57884,4,7.714,28,0,0.143,9894.121,0.684,1.319,4.786,0,0.024,0.6,,,,,,,,,,,,,30684,5.245,0,3977.7,samples tested,,,,,,48.15,5850343,7915.731,42.4,12.922,7.049,85535.383,,92.243,10.99,5.2,28.3,,2.4,83.62,0.932
SGP,Asia,Singapore,10-14-2020,57889,5,7,28,0,0.143,9894.975,0.855,1.197,4.786,0,0.024,0.62,,,,,,,,,,,,,30236,5.168,0,4319.4,samples tested,,,,,,48.15,5850343,7915.731,42.4,12.922,7.049,85535.383,,92.243,10.99,5.2,28.3,,2.4,83.62,0.932
SGP,Asia,Singapore,10-15-2020,57892,3,6.143,28,0,0.143,9895.488,0.513,1.05,4.786,0,0.024,0.66,,,,,,,,,,,,,29788,5.092,0,4849.1,samples tested,,,,,,48.15,5850343,7915.731,42.4,12.922,7.049,85535.383,,92.243,10.99,5.2,28.3,,2.4,83.62,0.932
SGP,Asia,Singapore,10-16-2020,57901,9,6,28,0,0.143,9897.027,1.538,1.026,4.786,0,0.024,0.72,,,,,,,,,,,,,29340,5.015,0,4890,samples tested,,,,,,48.15,5850343,7915.731,42.4,12.922,7.049,85535.383,,92.243,10.99,5.2,28.3,,2.4,83.62,0.932
SGP,Asia,Singapore,10-17-2020,57904,3,5.429,28,0,0.143,9897.539,0.513,0.928,4.786,0,0.024,0.74,,,,,,,,,,,,,28892,4.939,0,5321.8,samples tested,,,,,,48.15,5850343,7915.731,42.4,12.922,7.049,85535.383,,92.243,10.99,5.2,28.3,,2.4,83.62,0.932
SGP,Asia,Singapore,10-18-2020,57911,7,5,28,0,0.143,9898.736,1.197,0.855,4.786,0,0.024,0.8,,,,,,,,,,,,,28444,4.862,0,5688.8,samples tested,,,,,,48.15,5850343,7915.731,42.4,12.922,7.049,85535.383,,92.243,10.99,5.2,28.3,,2.4,83.62,0.932
SGP,Asia,Singapore,10-19-2020,57915,4,5,28,0,0,9899.42,0.684,0.855,4.786,0,0,0.85,,,,,,,,,3486260,,595.907,,27996,4.785,0,5599.2,samples tested,,,,,,48.15,5850343,7915.731,42.4,12.922,7.049,85535.383,,92.243,10.99,5.2,28.3,,2.4,83.62,0.932
SGP,Asia,Singapore,10-20-2020,57921,6,5.286,28,0,0,9900.445,1.026,0.903,4.786,0,0,0.93,,,,,,,,,,,,,27950,4.777,0,5287.6,samples tested,,,,,,48.15,5850343,7915.731,42.4,12.922,7.049,85535.383,,92.243,10.99,5.2,28.3,,2.4,83.62,0.932
SGP,Asia,Singapore,10-21-2020,57933,12,6.286,28,0,0,9902.496,2.051,1.074,4.786,0,0,1.01,,,,,,,,,,,,,27905,4.77,0,4439.2,samples tested,,,,,,48.15,5850343,7915.731,42.4,12.922,7.049,85535.383,,92.243,10.99,5.2,28.3,,2.4,83.62,0.932
SGP,Asia,Singapore,10-22-2020,57941,8,7,28,0,0,9903.864,1.367,1.197,4.786,0,0,1.02,,,,,,,,,,,,,27859,4.762,0,3979.9,samples tested,,,,,,48.15,5850343,7915.731,42.4,12.922,7.049,85535.383,,92.243,10.99,5.2,28.3,,2.4,83.62,0.932
SGP,Asia,Singapore,10-23-2020,57951,10,7.143,28,0,0,9905.573,1.709,1.221,4.786,0,0,1.04,,,,,,,,,,,,,27814,4.754,0,3893.9,samples tested,,,,,,48.15,5850343,7915.731,42.4,12.922,7.049,85535.383,,92.243,10.99,5.2,28.3,,2.4,83.62,0.932
SGP,Asia,Singapore,10-24-2020,57965,14,8.714,28,0,0,9907.966,2.393,1.49,4.786,0,0,1.03,,,,,,,,,,,,,27768,4.746,0,3186.6,samples tested,,,,,,48.15,5850343,7915.731,42.4,12.922,7.049,85535.383,,92.243,10.99,5.2,28.3,,2.4,83.62,0.932
SGP,Asia,Singapore,10-25-2020,57970,5,8.429,28,0,0,9908.821,0.855,1.441,4.786,0,0,0.96,,,,,,,,,,,,,27723,4.739,0,3289,samples tested,,,,,,48.15,5850343,7915.731,42.4,12.922,7.049,85535.383,,92.243,10.99,5.2,28.3,,2.4,83.62,0.932
SGP,Asia,Singapore,10-26-2020,57973,3,8.286,28,0,0,9909.334,0.513,1.416,4.786,0,0,0.92,,,,,,,,,3680000,,629.023,,27677,4.731,0,3340.2,samples tested,,,,,,48.15,5850343,7915.731,42.4,12.922,7.049,85535.383,,92.243,10.99,5.2,28.3,,2.4,83.62,0.932
SGP,Asia,Singapore,10-27-2020,57980,7,8.429,28,0,0,9910.53,1.197,1.441,4.786,0,0,0.94,,,,,,,,,,,,,27786,4.749,0,3296.5,samples tested,,,,,,48.15,5850343,7915.731,42.4,12.922,7.049,85535.383,,92.243,10.99,5.2,28.3,,2.4,83.62,0.932
SGP,Asia,Singapore,10-28-2020,57987,7,7.714,28,0,0,9911.727,1.197,1.319,4.786,0,0,0.95,,,,,,,,,,,,,27894,4.768,0,3616,samples tested,,,,,,48.15,5850343,7915.731,42.4,12.922,7.049,85535.383,,92.243,10.99,5.2,28.3,,2.4,83.62,0.932
SGP,Asia,Singapore,10-29-2020,57994,7,7.571,28,0,0,9912.923,1.197,1.294,4.786,0,0,0.96,,,,,,,,,,,,,28002,4.786,0,3698.6,samples tested,,,,,,48.15,5850343,7915.731,42.4,12.922,7.049,85535.383,,92.243,10.99,5.2,28.3,,2.4,83.62,0.932
SGP,Asia,Singapore,10-30-2020,58003,9,7.429,28,0,0,9914.461,1.538,1.27,4.786,0,0,0.98,,,,,,,,,,,,,28111,4.805,0,3784,samples tested,,,,,,48.15,5850343,7915.731,42.4,12.922,7.049,85535.383,,92.243,10.99,5.2,28.3,,2.4,83.62,0.932
SGP,Asia,Singapore,10-31-2020,58015,12,7.143,28,0,0,9916.513,2.051,1.221,4.786,0,0,0.98,,,,,,,,,,,,,28219,4.823,0,3950.6,samples tested,,,,,,48.15,5850343,7915.731,42.4,12.922,7.049,85535.383,,92.243,10.99,5.2,28.3,,2.4,83.62,0.932
SGP,Asia,Singapore,11-01-2020,58019,4,7,28,0,0,9917.196,0.684,1.197,4.786,0,0,0.92,,,,,,,,,,,,,28328,4.842,0,4046.9,samples tested,,,,,,48.15,5850343,7915.731,42.4,12.922,7.049,85535.383,,92.243,10.99,5.2,28.3,,2.4,83.62,0.932
SGP,Asia,Singapore,11-02-2020,58020,1,6.714,28,0,0,9917.367,0.171,1.148,4.786,0,0,0.9,,,,,,,,,3879052,,663.047,,28436,4.861,0,4235.3,samples tested,,,,,,48.15,5850343,7915.731,42.4,12.922,7.049,85535.383,,92.243,10.99,5.2,28.3,,2.4,83.62,0.932
SGP,Asia,Singapore,11-03-2020,58029,9,7,28,0,0,9918.906,1.538,1.197,4.786,0,0,0.94,,,,,,,,,,,,,28207,4.821,0,4029.6,samples tested,,,,,,48.15,5850343,7915.731,42.4,12.922,7.049,85535.383,,92.243,10.99,5.2,28.3,,2.4,83.62,0.932
SGP,Asia,Singapore,11-04-2020,58036,7,7,28,0,0,9920.102,1.197,1.197,4.786,0,0,0.95,,,,,,,,,,,,,27979,4.782,0,3997,samples tested,,,,,,48.15,5850343,7915.731,42.4,12.922,7.049,85535.383,,92.243,10.99,5.2,28.3,,2.4,83.62,0.932
SGP,Asia,Singapore,11-05-2020,58043,7,7,28,0,0,9921.299,1.197,1.197,4.786,0,0,0.96,,,,,,,,,,,,,27750,4.743,0,3964.3,samples tested,,,,,,48.15,5850343,7915.731,42.4,12.922,7.049,85535.383,,92.243,10.99,5.2,28.3,,2.4,83.62,0.932
SGP,Asia,Singapore,11-06-2020,58047,4,6.286,28,0,0,9921.982,0.684,1.074,4.786,0,0,0.96,,,,,,,,,,,,,27521,4.704,0,4378.1,samples tested,,,,,,48.15,5850343,7915.731,42.4,12.922,7.049,85535.383,,92.243,10.99,5.2,28.3,,2.4,83.62,0.932
SGP,Asia,Singapore,11-07-2020,58054,7,5.571,28,0,0,9923.179,1.197,0.952,4.786,0,0,0.99,,,,,,,,,,,,,27292,4.665,0,4898.9,samples tested,,,,,,48.15,5850343,7915.731,42.4,12.922,7.049,85535.383,,92.243,10.99,5.2,28.3,,2.4,83.62,0.932
SGP,Asia,Singapore,11-08-2020,58056,2,5.286,28,0,0,9923.521,0.342,0.903,4.786,0,0,1.02,,,,,,,,,,,,,27064,4.626,0,5119.9,samples tested,,,,,,48.15,5850343,7915.731,42.4,12.922,7.049,85535.383,,92.243,10.99,5.2,28.3,,2.4,83.62,0.932
SGP,Asia,Singapore,11-09-2020,58064,8,6.286,28,0,0,9924.888,1.367,1.074,4.786,0,0,1.11,,,,,,,,,4066897,,695.155,,26835,4.587,0,4269,samples tested,,,,,,48.15,5850343,7915.731,42.4,12.922,7.049,85535.383,,92.243,10.99,5.2,28.3,,2.4,83.62,0.932
SGP,Asia,Singapore,11-10-2020,58073,9,6.286,28,0,0,9926.427,1.538,1.074,4.786,0,0,1.19,,,,,,,,,,,,,26287,4.493,0,4181.8,samples tested,,,,,,48.15,5850343,7915.731,42.4,12.922,7.049,85535.383,,92.243,10.99,5.2,28.3,,2.4,83.62,0.932
SGP,Asia,Singapore,11-11-2020,58091,18,7.857,28,0,0,9929.503,3.077,1.343,4.786,0,0,1.24,,,,,,,,,,,,,25738,4.399,0,3275.8,samples tested,,,,,,48.15,5850343,7915.731,42.4,12.922,7.049,85535.383,,92.243,10.99,5.2,28.3,,2.4,83.62,0.932
SGP,Asia,Singapore,11-12-2020,58102,11,8.429,28,0,0,9931.384,1.88,1.441,4.786,0,0,1.16,,,,,,,,,,,,,25190,4.306,0,2988.5,samples tested,,,,,,48.15,5850343,7915.731,42.4,12.922,7.049,85535.383,,92.243,10.99,5.2,28.3,,2.4,83.62,0.932
SGP,Asia,Singapore,11-13-2020,58114,12,9.571,28,0,0,9933.435,2.051,1.636,4.786,0,0,1.07,,,,,,,,,,,,,24642,4.212,0,2574.7,samples tested,,,,,,48.15,5850343,7915.731,42.4,12.922,7.049,85535.383,,92.243,10.99,5.2,28.3,,2.4,83.62,0.932
SGP,Asia,Singapore,11-14-2020,58116,2,8.857,28,0,0,9933.777,0.342,1.514,4.786,0,0,0.94,,,,,,,,,,,,,24094,4.118,0,2720.3,samples tested,,,,,,48.15,5850343,7915.731,42.4,12.922,7.049,85535.383,,92.243,10.99,5.2,28.3,,2.4,83.62,0.932
SGP,Asia,Singapore,11-15-2020,58119,3,9,28,0,0,9934.289,0.513,1.538,4.786,0,0,0.89,,,,,,,,,,,,,23545,4.025,0,2616.1,samples tested,,,,,,48.15,5850343,7915.731,42.4,12.922,7.049,85535.383,,92.243,10.99,5.2,28.3,,2.4,83.62,0.932
SGP,Asia,Singapore,11-16-2020,58124,5,8.571,28,0,0,9935.144,0.855,1.465,4.786,0,0,0.88,,,,,,,,,4227877,,722.672,,22997,3.931,0,2683.1,samples tested,,,,,,48.15,5850343,7915.731,42.4,12.922,7.049,85535.383,,92.243,10.99,5.2,28.3,,2.4,83.62,0.932
SGP,Asia,Singapore,11-17-2020,58130,6,8.143,28,0,0,9936.17,1.026,1.392,4.786,0,0,0.88,,,,,,,,,,,,,24206,4.138,0,2972.6,samples tested,,,,,,48.15,5850343,7915.731,42.4,12.922,7.049,85535.383,,92.243,10.99,5.2,28.3,,2.4,83.62,0.932
SGP,Asia,Singapore,11-18-2020,58135,5,6.286,28,0,0,9937.024,0.855,1.074,4.786,0,0,0.89,,,,,,,,,,,,,25416,4.344,0,4043.3,samples tested,,,,,,48.15,5850343,7915.731,42.4,12.922,7.049,85535.383,,92.243,10.99,5.2,28.3,,2.4,83.62,0.932
SGP,Asia,Singapore,11-19-2020,58139,4,5.286,28,0,0,9937.708,0.684,0.903,4.786,0,0,0.91,,,,,,,,,,,,,26625,4.551,0,5036.9,samples tested,,,,,,48.15,5850343,7915.731,42.4,12.922,7.049,85535.383,,92.243,10.99,5.2,28.3,,2.4,83.62,0.932
SGP,Asia,Singapore,11-20-2020,58143,4,4.143,28,0,0,9938.392,0.684,0.708,4.786,0,0,0.96,,,,,,,,,,,,,27834,4.758,0,6718.3,samples tested,,,,,,48.15,5850343,7915.731,42.4,12.922,7.049,85535.383,,92.243,10.99,5.2,28.3,,2.4,83.62,0.932
SGP,Asia,Singapore,11-21-2020,58148,5,4.571,28,0,0,9939.246,0.855,0.781,4.786,0,0,1.04,,,,,,,,,,,,,29043,4.964,0,6353.8,samples tested,,,,,,48.15,5850343,7915.731,42.4,12.922,7.049,85535.383,,92.243,10.99,5.2,28.3,,2.4,83.62,0.932
SGP,Asia,Singapore,11-22-2020,58160,12,5.857,28,0,0,9941.297,2.051,1.001,4.786,0,0,1.13,,,,,,,,,,,,,30253,5.171,0,5165.3,samples tested,,,,,,48.15,5850343,7915.731,42.4,12.922,7.049,85535.383,,92.243,10.99,5.2,28.3,,2.4,83.62,0.932
SGP,Asia,Singapore,11-23-2020,58165,5,5.857,28,0,0,9942.152,0.855,1.001,4.786,0,0,1.15,,,,,,,,,4448110,,760.316,,31462,5.378,0,5371.7,samples tested,,,,,,48.15,5850343,7915.731,42.4,12.922,7.049,85535.383,,92.243,10.99,5.2,28.3,,2.4,83.62,0.932
SGP,Asia,Singapore,11-24-2020,58183,18,7.571,28,0,0,9945.229,3.077,1.294,4.786,0,0,1.19,,,,,,,,,,,,,31268,5.345,0,4130,samples tested,,,,,,48.15,5850343,7915.731,42.4,12.922,7.049,85535.383,,92.243,10.99,5.2,28.3,,2.4,83.62,0.932
SGP,Asia,Singapore,11-25-2020,58190,7,7.857,28,0,0,9946.425,1.197,1.343,4.786,0,0,1.1,,,,,,,,,,,,,31075,5.312,0,3955.1,samples tested,,,,,,48.15,5850343,7915.731,42.4,12.922,7.049,85535.383,,92.243,10.99,5.2,28.3,,2.4,83.62,0.932
SGP,Asia,Singapore,11-26-2020,58195,5,8,28,0,0,9947.28,0.855,1.367,4.786,0,0,1.03,,,,,,,,,,,,,30881,5.278,0,3860.1,samples tested,,,,,,48.15,5850343,7915.731,42.4,12.922,7.049,85535.383,,92.243,10.99,5.2,28.3,,2.4,83.62,0.932
SGP,Asia,Singapore,11-27-2020,58199,4,8,28,0,0,9947.964,0.684,1.367,4.786,0,0,0.99,,,,,,,,,,,,,30688,5.246,0,3836,samples tested,,,,,,48.15,5850343,7915.731,42.4,12.922,7.049,85535.383,,92.243,10.99,5.2,28.3,,2.4,83.62,0.932
SGP,Asia,Singapore,11-28-2020,58205,6,8.143,29,1,0.143,9948.989,1.026,1.392,4.957,0.171,0.024,0.99,,,,,,,,,,,,,30494,5.212,0,3744.8,samples tested,,,,,,48.15,5850343,7915.731,42.4,12.922,7.049,85535.383,,92.243,10.99,5.2,28.3,,2.4,83.62,0.932
SGP,Asia,Singapore,11-29-2020,58213,8,7.571,29,0,0.143,9950.357,1.367,1.294,4.957,0,0.024,1.01,,,,,,,,,,,,,30300,5.179,0,4002.1,samples tested,,,,,,48.15,5850343,7915.731,42.4,12.922,7.049,85535.383,,92.243,10.99,5.2,28.3,,2.4,83.62,0.932
SGP,Asia,Singapore,11-30-2020,58218,5,7.571,29,0,0.143,9951.211,0.855,1.294,4.957,0,0.024,1.01,,,,,,,,,4658858,,796.339,,30107,5.146,0,3976.6,samples tested,,,,,,48.15,5850343,7915.731,42.4,12.922,7.049,85535.383,,92.243,10.99,5.2,28.3,,2.4,83.62,0.932
SGP,Asia,Singapore,12-01-2020,58228,10,6.429,29,0,0.143,9952.921,1.709,1.099,4.957,0,0.024,1.03,,,,,,,,,,,,,29388,5.023,0,4571.2,samples tested,,,,,,48.15,5850343,7915.731,42.4,12.922,7.049,85535.383,,92.243,10.99,5.2,28.3,,2.4,83.62,0.932
SGP,Asia,Singapore,12-02-2020,58230,2,5.714,29,0,0.143,9953.263,0.342,0.977,4.957,0,0.024,1.01,,,,,,,,,,,,,28669,4.9,0,5017.3,samples tested,,,,,,48.15,5850343,7915.731,42.4,12.922,7.049,85535.383,,92.243,10.99,5.2,28.3,,2.4,83.62,0.932
SGP,Asia,Singapore,12-03-2020,58239,9,6.286,29,0,0.143,9954.801,1.538,1.074,4.957,0,0.024,1.07,,,,,,,,,,,,,27950,4.777,0,4446.4,samples tested,,,,,,48.15,5850343,7915.731,42.4,12.922,7.049,85535.383,,92.243,10.99,5.2,28.3,,2.4,83.62,0.932
SGP,Asia,Singapore,12-04-2020,58242,3,6.143,29,0,0.143,9955.314,0.513,1.05,4.957,0,0.024,1.08,,,,,,,,,,,,,27230,4.654,0,4432.7,samples tested,,,,,,48.15,5850343,7915.731,42.4,12.922,7.049,85535.383,,92.243,10.99,5.2,28.3,,2.4,83.62,0.932
SGP,Asia,Singapore,12-05-2020,58255,13,7.143,29,0,0,9957.536,2.222,1.221,4.957,0,0,1.16,,,,,,,,,,,,,26511,4.532,0,3711.5,samples tested,,,,,,48.15,5850343,7915.731,42.4,12.922,7.049,85535.383,,92.243,10.99,5.2,28.3,,2.4,83.62,0.932
SGP,Asia,Singapore,12-06-2020,58260,5,6.714,29,0,0,9958.39,0.855,1.148,4.957,0,0,1.16,,,,,,,,,,,,,25792,4.409,0,3841.5,samples tested,,,,,,48.15,5850343,7915.731,42.4,12.922,7.049,85535.383,,92.243,10.99,5.2,28.3,,2.4,83.62,0.932
SGP,Asia,Singapore,12-07-2020,58273,13,7.857,29,0,0,9960.613,2.222,1.343,4.957,0,0,1.2,,,,,,,,,4834370,,826.34,,25073,4.286,0,3191.2,samples tested,,,,,,48.15,5850343,7915.731,42.4,12.922,7.049,85535.383,,92.243,10.99,5.2,28.3,,2.4,83.62,0.932
SGP,Asia,Singapore,12-08-2020,58285,12,8.143,29,0,0,9962.664,2.051,1.392,4.957,0,0,1.18,,,,,,,,,,,,,25505,4.36,0,3132.1,samples tested,,,,,,48.15,5850343,7915.731,42.4,12.922,7.049,85535.383,,92.243,10.99,5.2,28.3,,2.4,83.62,0.932
SGP,Asia,Singapore,12-09-2020,58291,6,8.714,29,0,0,9963.689,1.026,1.49,4.957,0,0,1.13,,,,,,,,,,,,,25938,4.434,0,2976.6,samples tested,,,,,,48.15,5850343,7915.731,42.4,12.922,7.049,85535.383,,92.243,10.99,5.2,28.3,,2.4,83.62,0.932
SGP,Asia,Singapore,12-10-2020,58297,6,8.286,29,0,0,9964.715,1.026,1.416,4.957,0,0,1.11,,,,,,,,,,,,,26370,4.507,0,3182.5,samples tested,,,,,,48.15,5850343,7915.731,42.4,12.922,7.049,85535.383,,92.243,10.99,5.2,28.3,,2.4,83.62,0.932
SGP,Asia,Singapore,12-11-2020,58305,8,9,29,0,0,9966.082,1.367,1.538,4.957,0,0,1.13,,,,,,,,,,,,,26802,4.581,0,2978,samples tested,,,,,,48.15,5850343,7915.731,42.4,12.922,7.049,85535.383,,92.243,10.99,5.2,28.3,,2.4,83.62,0.932
SGP,Asia,Singapore,12-12-2020,58313,8,8.286,29,0,0,9967.45,1.367,1.416,4.957,0,0,1.16,,,,,,,,,,,,,27235,4.655,0,3286.9,samples tested,,,,,,48.15,5850343,7915.731,42.4,12.922,7.049,85535.383,,92.243,10.99,5.2,28.3,,2.4,83.62,0.932
SGP,Asia,Singapore,12-13-2020,58320,7,8.571,29,0,0,9968.646,1.197,1.465,4.957,0,0,1.19,,,,,,,,,,,,,27667,4.729,0,3228,samples tested,,,,,,48.15,5850343,7915.731,42.4,12.922,7.049,85535.383,,92.243,10.99,5.2,28.3,,2.4,83.62,0.932
SGP,Asia,Singapore,12-14-2020,58325,5,7.429,29,0,0,9969.501,0.855,1.27,4.957,0,0,1.25,,,,,,,,,5031065,,859.961,,28099,4.803,0,3782.3,samples tested,,,,,,48.15,5850343,7915.731,42.4,12.922,7.049,85535.383,,92.243,10.99,5.2,28.3,,2.4,83.62,0.932
SGP,Asia,Singapore,12-15-2020,58341,16,8,29,0,0,9972.236,2.735,1.367,4.957,0,0,1.37,,,,,,,,,,,,,28277,4.833,0,3534.6,samples tested,,,,,,48.15,5850343,7915.731,42.4,12.922,7.049,85535.383,,92.243,10.99,5.2,28.3,,2.4,83.62,0.932
SGP,Asia,Singapore,12-16-2020,58353,12,8.857,29,0,0,9974.287,2.051,1.514,4.957,0,0,1.42,,,,,,,,,,,,,28455,4.864,0,3212.7,samples tested,,,,,,48.15,5850343,7915.731,42.4,12.922,7.049,85535.383,,92.243,10.99,5.2,28.3,,2.4,83.62,0.932
SGP,Asia,Singapore,12-17-2020,58377,24,11.429,29,0,0,9978.389,4.102,1.953,4.957,0,0,1.46,,,,,,,,,,,,,28634,4.894,0,2505.4,samples tested,,,,,,48.15,5850343,7915.731,42.4,12.922,7.049,85535.383,,92.243,10.99,5.2,28.3,,2.4,83.62,0.932
SGP,Asia,Singapore,12-18-2020,58386,9,11.571,29,0,0,9979.928,1.538,1.978,4.957,0,0,1.4,,,,,,,,,,,,,28812,4.925,0,2490,samples tested,,,,,,48.15,5850343,7915.731,42.4,12.922,7.049,85535.383,,92.243,10.99,5.2,28.3,,2.4,83.62,0.932
SGP,Asia,Singapore,12-19-2020,58403,17,12.857,29,0,0,9982.833,2.906,2.198,4.957,0,0,1.4,,,,,,,,,,,,,28990,4.955,0,2254.8,samples tested,,,,,,48.15,5850343,7915.731,42.4,12.922,7.049,85535.383,,92.243,10.99,5.2,28.3,,2.4,83.62,0.932
SGP,Asia,Singapore,12-20-2020,58422,19,14.571,29,0,0,9986.081,3.248,2.491,4.957,0,0,1.38,,,,,,,,,,,,,29168,4.986,0,2001.8,samples tested,,,,,,48.15,5850343,7915.731,42.4,12.922,7.049,85535.383,,92.243,10.99,5.2,28.3,,2.4,83.62,0.932
SGP,Asia,Singapore,12-21-2020,58432,10,15.286,29,0,0,9987.79,1.709,2.613,4.957,0,0,1.34,,,,,,,,,5236487,,895.074,,29346,5.016,0.001,1919.8,samples tested,,,,,,48.15,5850343,7915.731,42.4,12.922,7.049,85535.383,,92.243,10.99,5.2,28.3,,2.4,83.62,0.932
SGP,Asia,Singapore,12-22-2020,58461,29,17.143,29,0,0,9992.747,4.957,2.93,4.957,0,0,1.35,,,,,,,,,,,,,29028,4.962,0.001,1693.3,samples tested,,,,,,48.15,5850343,7915.731,42.4,12.922,7.049,85535.383,,92.243,10.99,5.2,28.3,,2.4,83.62,0.932
SGP,Asia,Singapore,12-23-2020,58482,21,18.429,29,0,0,9996.337,3.59,3.15,4.957,0,0,1.28,,,,,,,,,,,,,28711,4.908,0.001,1557.9,samples tested,,,,,,48.15,5850343,7915.731,42.4,12.922,7.049,85535.383,,92.243,10.99,5.2,28.3,,2.4,83.62,0.932
SGP,Asia,Singapore,12-24-2020,58495,13,16.857,29,0,0,9998.559,2.222,2.881,4.957,0,0,1.19,,,,,,,,,,,,,28393,4.853,0.001,1684.3,samples tested,,,,,,48.15,5850343,7915.731,42.4,12.922,7.049,85535.383,,92.243,10.99,5.2,28.3,,2.4,83.62,0.932
SGP,Asia,Singapore,12-25-2020,58509,14,17.571,29,0,0,10000.952,2.393,3.003,4.957,0,0,1.13,,,,,,,,,,,,,28076,4.799,0.001,1597.9,samples tested,,,,,,48.15,5850343,7915.731,42.4,12.922,7.049,85535.383,,92.243,10.99,5.2,28.3,,2.4,83.62,0.932
SGP,Asia,Singapore,12-26-2020,58519,10,16.571,29,0,0,10002.661,1.709,2.833,4.957,0,0,1.09,,,,,,,,,,,,,27758,4.745,0.001,1675.1,samples tested,,,,,,48.15,5850343,7915.731,42.4,12.922,7.049,85535.383,,92.243,10.99,5.2,28.3,,2.4,83.62,0.932
SGP,Asia,Singapore,12-27-2020,58524,5,14.571,29,0,0,10003.516,0.855,2.491,4.957,0,0,1.08,,,,,,,,,,,,,27441,4.69,0.001,1883.3,samples tested,,,,,,48.15,5850343,7915.731,42.4,12.922,7.049,85535.383,,92.243,10.99,5.2,28.3,,2.4,83.62,0.932
SGP,Asia,Singapore,12-28-2020,58529,5,13.857,29,0,0,10004.371,0.855,2.369,4.957,0,0,1.14,,,,,,,,,5426351,,927.527,,27123,4.636,0.001,1957.4,samples tested,,,,,,48.15,5850343,7915.731,42.4,12.922,7.049,85535.383,,92.243,10.99,5.2,28.3,,2.4,83.62,0.932
SGP,Asia,Singapore,12-29-2020,58542,13,11.571,29,0,0,10006.593,2.222,1.978,4.957,0,0,1.27,,,,,,,,,,,,,27158,4.642,0,2347.1,samples tested,,,,,,48.15,5850343,7915.731,42.4,12.922,7.049,85535.383,,92.243,10.99,5.2,28.3,,2.4,83.62,0.932
SGP,Asia,Singapore,12-30-2020,58569,27,12.429,29,0,0,10011.208,4.615,2.124,4.957,0,0,1.41,,,,,,,,,,,,,27192,4.648,0,2187.8,samples tested,,,,,,48.15,5850343,7915.731,42.4,12.922,7.049,85535.383,,92.243,10.99,5.2,28.3,,2.4,83.62,0.932
SGP,Asia,Singapore,12-31-2020,58599,30,14.857,29,0,0,10016.336,5.128,2.54,4.957,0,0,1.48,,,,,,,,,,,,,27226,4.654,0.001,1832.5,samples tested,,,,,,48.15,5850343,7915.731,42.4,12.922,7.049,85535.383,,92.243,10.99,5.2,28.3,,2.4,83.62,0.932
SGP,Asia,Singapore,01-01-2021,58629,30,17.143,29,0,0,10021.464,5.128,2.93,4.957,0,0,1.5,,,,,,,,,,,,,27260,4.66,0.001,1590.2,samples tested,,,,,,48.15,5850343,7915.731,42.4,12.922,7.049,85535.383,,92.243,10.99,5.2,28.3,,2.4,83.62,0.932
SGP,Asia,Singapore,01-02-2021,58662,33,20.429,29,0,0,10027.104,5.641,3.492,4.957,0,0,1.48,,,,,,,,,,,,,27295,4.666,0.001,1336.1,samples tested,,,,,,48.15,5850343,7915.731,42.4,12.922,7.049,85535.383,,92.243,10.99,5.2,28.3,,2.4,83.62,0.932
SGP,Asia,Singapore,01-03-2021,58697,35,24.714,29,0,0,10033.087,5.983,4.224,4.957,0,0,1.44,,,,,,,,,,,,,27329,4.671,0.001,1105.8,samples tested,,,,,,48.15,5850343,7915.731,42.4,12.922,7.049,85535.383,,92.243,10.99,5.2,28.3,,2.4,83.62,0.932
SGP,Asia,Singapore,01-04-2021,58721,24,27.429,29,0,0,10037.189,4.102,4.688,4.957,0,0,1.38,,,,,,,,,5617894,,960.267,,27363,4.677,0.001,997.6,samples tested,,,,,,48.15,5850343,7915.731,42.4,12.922,7.049,85535.383,,92.243,10.99,5.2,28.3,,2.4,83.62,0.932
SGP,Asia,Singapore,01-05-2021,58749,28,29.571,29,0,0,10041.975,4.786,5.055,4.957,0,0,1.34,,,,,,,,,,,,,27929,4.774,0.001,944.5,samples tested,,,,,,48.15,5850343,7915.731,42.4,12.922,7.049,85535.383,,92.243,10.99,5.2,28.3,,2.4,83.62,0.932
SGP,Asia,Singapore,01-06-2021,58780,31,30.143,29,0,0,10047.274,5.299,5.152,4.957,0,0,1.32,,,,,,,,,,,,,28496,4.871,0.001,945.4,samples tested,,,,,,48.15,5850343,7915.731,42.4,12.922,7.049,85535.383,,92.243,10.99,5.2,28.3,,2.4,83.62,0.932
SGP,Asia,Singapore,01-07-2021,58813,33,30.571,29,0,0,10052.915,5.641,5.226,4.957,0,0,1.29,,,,,,,,,,,,,29062,4.968,0.001,950.6,samples tested,,,,,,48.15,5850343,7915.731,42.4,12.922,7.049,85535.383,,92.243,10.99,5.2,28.3,,2.4,83.62,0.932
SGP,Asia,Singapore,01-08-2021,58836,23,29.571,29,0,0,10056.846,3.931,5.055,4.957,0,0,1.26,,,,,,,,,,,,,29628,5.064,0.001,1001.9,samples tested,,,,,,48.15,5850343,7915.731,42.4,12.922,7.049,85535.383,,92.243,10.99,5.2,28.3,,2.4,83.62,0.932
SGP,Asia,Singapore,01-09-2021,58865,29,29,29,0,0,10061.803,4.957,4.957,4.957,0,0,,,,,,,,,,,,,,30194,5.161,0.001,1041.2,samples tested,,,,,,48.15,5850343,7915.731,42.4,12.922,7.049,85535.383,,92.243,10.99,5.2,28.3,,2.4,83.62,0.932
SGP,Asia,Singapore,01-10-2021,58907,42,30,29,0,0,10068.982,7.179,5.128,4.957,0,0,,,,,,,,,,,,,,30761,5.258,0.001,1025.4,samples tested,,,,,,48.15,5850343,7915.731,42.4,12.922,7.049,85535.383,,92.243,10.99,5.2,28.3,,2.4,83.62,0.932
SGP,Asia,Singapore,01-11-2021,58929,22,29.714,29,0,0,10072.743,3.76,5.079,4.957,0,0,,,,,,,,,,5837181,,997.75,,31327,5.355,0.001,1054.3,samples tested,3400,,,0.06,,48.15,5850343,7915.731,42.4,12.922,7.049,85535.383,,92.243,10.99,5.2,28.3,,2.4,83.62,0.932
SGP,Asia,Singapore,01-12-2021,58946,17,28.143,29,0,0,10075.649,2.906,4.81,4.957,0,0,,,,,,,,,,,,,,31422,5.371,0.001,1116.5,samples tested,6200,2800,2800,0.11,479,48.15,5850343,7915.731,42.4,12.922,7.049,85535.383,,92.243,10.99,5.2,28.3,,2.4,83.62,0.932
SGP,Asia,Singapore,01-13-2021,58984,38,29.143,29,0,0,10082.144,6.495,4.981,4.957,0,0,,,,,,,,,,,,,,31518,5.387,0.001,1081.5,samples tested,,,,,,48.15,5850343,7915.731,42.4,12.922,7.049,85535.383,,92.243,10.99,5.2,28.3,,2.4,83.62,0.932
SGP,Asia,Singapore,01-14-2021,59029,45,30.857,29,0,0,10089.836,7.692,5.274,4.957,0,0,,,,,,,,,,,,,,31613,5.404,0.001,1024.5,samples tested,,,,,,48.15,5850343,7915.731,42.4,12.922,7.049,85535.383,,92.243,10.99,5.2,28.3,,2.4,83.62,0.932
SGP,Asia,Singapore,01-15-2021,59059,30,31.857,29,0,0,10094.964,5.128,5.445,4.957,0,0,,,,,,,,,,,,,,31709,5.42,0.001,995.4,samples tested,,,,,,48.15,5850343,7915.731,42.4,12.922,7.049,85535.383,,92.243,10.99,5.2,28.3,,2.4,83.62,0.932
SGP,Asia,Singapore,01-16-2021,59083,24,31.143,29,0,0,10099.066,4.102,5.323,4.957,0,0,,,,,,,,,,,,,,31804,5.436,0.001,1021.2,samples tested,,,,,,50,5850343,7915.731,42.4,12.922,7.049,85535.383,,92.243,10.99,5.2,28.3,,2.4,83.62,0.932
SGP,Asia,Singapore,01-17-2021,59113,30,29.429,29,0,0,10104.194,5.128,5.03,4.957,0,0,,,,,,,,,,,,,,31900,5.453,0.001,1084,samples tested,,,,,,50,5850343,7915.731,42.4,12.922,7.049,85535.383,,92.243,10.99,5.2,28.3,,2.4,83.62,0.932
SGP,Asia,Singapore,01-18-2021,59127,14,28.286,29,0,0,10106.587,2.393,4.835,4.957,0,0,,,,,,,,,,6061147,,1036.033,,31995,5.469,0.001,1131.1,samples tested,,,,,,50,5850343,7915.731,42.4,12.922,7.049,85535.383,,92.243,10.99,5.2,28.3,,2.4,83.62,0.932
SGP,Asia,Singapore,01-19-2021,59157,30,30.143,29,0,0,10111.715,5.128,5.152,4.957,0,0,,,,,,,,,,,,,,,,,,,,,,,,,5850343,7915.731,42.4,12.922,7.049,85535.383,,92.243,10.99,5.2,28.3,,2.4,83.62,0.932
SGP,Asia,Singapore,01-20-2021,59197,40,30.429,29,0,0,10118.552,6.837,5.201,4.957,0,0,,,,,,,,,,,,,,,,,,,,,,,,,5850343,7915.731,42.4,12.922,7.049,85535.383,,92.243,10.99,5.2,28.3,,2.4,83.62,0.932
SGP,Asia,Singapore,01-21-2021,59235,38,29.429,29,0,0,10125.047,6.495,5.03,4.957,0,0,,,,,,,,,,,,,,,,,,,,,,,,,5850343,7915.731,42.4,12.922,7.049,85535.383,,92.243,10.99,5.2,28.3,,2.4,83.62,0.932
