,year,month,global,northern,southern,bin
0,1880,1,-0.17,-0.34,0.01,2
1,1880,2,-0.23,-0.5,0.04,2
2,1880,3,-0.08,-0.22,0.06,2
3,1880,4,-0.15,-0.28,-0.01,2
4,1880,5,-0.08,-0.04,-0.12,2
5,1880,6,-0.2,-0.14,-0.24,2
6,1880,7,-0.17,-0.16,-0.16,2
7,1880,8,-0.09,-0.24,0.07,2
8,1880,9,-0.13,-0.21,-0.04,2
9,1880,10,-0.22,-0.3,-0.14,2
10,1880,11,-0.2,-0.41,0.01,2
11,1880,12,-0.16,-0.38,0.06,2
12,1881,1,-0.18,-0.3,-0.08,2
13,1881,2,-0.13,-0.21,-0.06,2
14,1881,3,0.04,-0.03,0.1,3
15,1881,4,0.06,0.02,0.1,3
16,1881,5,0.08,0.05,0.09,3
17,1881,6,-0.17,-0.31,-0.05,2
18,1881,7,0.02,0.1,-0.07,3
19,1881,8,-0.02,-0.02,-0.02,2
20,1881,9,-0.14,-0.25,-0.04,2
21,1881,10,-0.2,-0.41,0.0,2
22,1881,11,-0.17,-0.35,0.01,2
23,1881,12,-0.05,-0.21,0.1,2
24,1882,1,0.18,0.28,0.08,3
25,1882,2,0.15,0.23,0.08,3
26,1882,3,0.06,0.03,0.08,3
27,1882,4,-0.15,-0.3,-0.01,2
28,1882,5,-0.13,-0.23,-0.03,2
29,1882,6,-0.21,-0.28,-0.15,2
30,1882,7,-0.15,-0.26,-0.04,2
31,1882,8,-0.06,-0.13,0.02,2
32,1882,9,-0.13,-0.23,-0.04,2
33,1882,10,-0.23,-0.51,0.04,2
34,1882,11,-0.15,-0.31,0.0,2
35,1882,12,-0.34,-0.66,-0.06,1
36,1883,1,-0.28,-0.56,-0.01,2
37,1883,2,-0.36,-0.65,-0.07,1
38,1883,3,-0.11,-0.14,-0.08,2
39,1883,4,-0.17,-0.27,-0.06,2
40,1883,5,-0.16,-0.23,-0.09,2
41,1883,6,-0.07,-0.11,-0.02,2
42,1883,7,-0.05,-0.01,-0.08,2
43,1883,8,-0.12,-0.2,-0.05,2
44,1883,9,-0.2,-0.3,-0.1,2
45,1883,10,-0.1,-0.14,-0.06,2
46,1883,11,-0.22,-0.41,-0.04,2
47,1883,12,-0.1,-0.14,-0.05,2
48,1884,1,-0.12,-0.16,-0.08,2
49,1884,2,-0.07,-0.1,-0.05,2
50,1884,3,-0.36,-0.63,-0.1,1
51,1884,4,-0.39,-0.58,-0.21,1
52,1884,5,-0.33,-0.35,-0.31,1
53,1884,6,-0.34,-0.4,-0.29,1
54,1884,7,-0.32,-0.43,-0.21,1
55,1884,8,-0.27,-0.5,-0.06,2
56,1884,9,-0.26,-0.43,-0.11,2
57,1884,10,-0.24,-0.43,-0.06,2
58,1884,11,-0.32,-0.56,-0.1,1
59,1884,12,-0.3,-0.46,-0.15,2
60,1885,1,-0.58,-1.0,-0.19,1
61,1885,2,-0.33,-0.45,-0.22,1
62,1885,3,-0.25,-0.22,-0.3,2
63,1885,4,-0.41,-0.47,-0.35,1
64,1885,5,-0.44,-0.58,-0.32,1
65,1885,6,-0.43,-0.44,-0.42,1
66,1885,7,-0.33,-0.33,-0.33,1
67,1885,8,-0.3,-0.4,-0.22,2
68,1885,9,-0.28,-0.38,-0.19,2
69,1885,10,-0.23,-0.36,-0.13,2
70,1885,11,-0.23,-0.37,-0.1,2
71,1885,12,-0.09,-0.1,-0.09,2
72,1886,1,-0.43,-0.74,-0.14,1
73,1886,2,-0.5,-0.83,-0.19,1
74,1886,3,-0.42,-0.71,-0.16,1
75,1886,4,-0.27,-0.36,-0.19,2
76,1886,5,-0.23,-0.32,-0.15,2
77,1886,6,-0.34,-0.36,-0.31,1
78,1886,7,-0.17,-0.13,-0.21,2
79,1886,8,-0.3,-0.42,-0.18,2
80,1886,9,-0.23,-0.32,-0.14,2
81,1886,10,-0.27,-0.3,-0.24,2
82,1886,11,-0.26,-0.38,-0.14,2
83,1886,12,-0.24,-0.2,-0.28,2
84,1887,1,-0.71,-1.07,-0.36,0
85,1887,2,-0.56,-0.69,-0.43,1
86,1887,3,-0.35,-0.42,-0.27,1
87,1887,4,-0.34,-0.37,-0.3,1
88,1887,5,-0.29,-0.24,-0.34,2
89,1887,6,-0.24,-0.19,-0.27,2
90,1887,7,-0.25,-0.23,-0.27,2
91,1887,8,-0.34,-0.53,-0.16,1
92,1887,9,-0.25,-0.19,-0.29,2
93,1887,10,-0.35,-0.48,-0.22,1
94,1887,11,-0.25,-0.26,-0.24,2
95,1887,12,-0.32,-0.42,-0.22,1
96,1888,1,-0.33,-0.48,-0.2,1
97,1888,2,-0.35,-0.6,-0.13,1
98,1888,3,-0.41,-0.63,-0.21,1
99,1888,4,-0.2,-0.21,-0.19,2
100,1888,5,-0.21,-0.14,-0.29,2
101,1888,6,-0.17,-0.02,-0.31,2
102,1888,7,-0.1,0.01,-0.2,2
103,1888,8,-0.15,-0.2,-0.1,2
104,1888,9,-0.11,-0.18,-0.05,2
105,1888,10,0.02,-0.03,0.06,3
106,1888,11,0.03,0.0,0.07,3
107,1888,12,-0.03,-0.22,0.15,2
108,1889,1,-0.08,-0.26,0.08,2
109,1889,2,0.17,0.31,0.03,3
110,1889,3,0.06,-0.02,0.13,3
111,1889,4,0.1,0.17,0.03,3
112,1889,5,0.0,-0.03,0.02,3
113,1889,6,-0.1,-0.06,-0.13,2
114,1889,7,-0.07,-0.07,-0.07,2
115,1889,8,-0.2,-0.2,-0.2,2
116,1889,9,-0.24,-0.3,-0.17,2
117,1889,10,-0.25,-0.41,-0.1,2
118,1889,11,-0.33,-0.61,-0.06,1
119,1889,12,-0.28,-0.54,-0.03,2
120,1890,1,-0.41,-0.63,-0.2,1
121,1890,2,-0.44,-0.56,-0.32,1
122,1890,3,-0.4,-0.46,-0.33,1
123,1890,4,-0.29,-0.24,-0.34,2
124,1890,5,-0.39,-0.35,-0.43,1
125,1890,6,-0.24,-0.15,-0.33,2
126,1890,7,-0.27,-0.23,-0.32,2
127,1890,8,-0.38,-0.38,-0.39,1
128,1890,9,-0.36,-0.34,-0.38,1
129,1890,10,-0.24,-0.09,-0.39,2
130,1890,11,-0.42,-0.62,-0.24,1
131,1890,12,-0.3,-0.46,-0.16,2
132,1891,1,-0.34,-0.47,-0.2,1
133,1891,2,-0.46,-0.68,-0.25,1
134,1891,3,-0.18,-0.16,-0.2,2
135,1891,4,-0.27,-0.35,-0.19,2
136,1891,5,-0.16,-0.15,-0.17,2
137,1891,6,-0.2,-0.12,-0.28,2
138,1891,7,-0.17,-0.12,-0.23,2
139,1891,8,-0.17,-0.12,-0.22,2
140,1891,9,-0.15,-0.08,-0.23,2
141,1891,10,-0.22,-0.28,-0.16,2
142,1891,11,-0.31,-0.52,-0.1,1
143,1891,12,-0.04,-0.03,-0.05,2
144,1892,1,-0.28,-0.49,-0.08,2
145,1892,2,-0.1,-0.15,-0.06,2
146,1892,3,-0.4,-0.67,-0.14,1
147,1892,4,-0.33,-0.45,-0.21,1
148,1892,5,-0.23,-0.23,-0.23,2
149,1892,6,-0.22,-0.05,-0.38,2
150,1892,7,-0.31,-0.37,-0.26,1
151,1892,8,-0.27,-0.32,-0.21,2
152,1892,9,-0.16,-0.2,-0.13,2
153,1892,10,-0.14,-0.28,0.0,2
154,1892,11,-0.41,-0.82,-0.02,1
155,1892,12,-0.38,-0.65,-0.11,1
156,1893,1,-0.81,-1.52,-0.12,0
157,1893,2,-0.57,-0.97,-0.17,1
158,1893,3,-0.22,-0.31,-0.12,2
159,1893,4,-0.27,-0.3,-0.24,2
160,1893,5,-0.33,-0.43,-0.24,1
161,1893,6,-0.25,-0.18,-0.32,2
162,1893,7,-0.13,-0.13,-0.14,2
163,1893,8,-0.24,-0.33,-0.17,2
164,1893,9,-0.22,-0.28,-0.16,2
165,1893,10,-0.18,-0.28,-0.08,2
166,1893,11,-0.18,-0.33,-0.03,2
167,1893,12,-0.31,-0.6,-0.02,1
168,1894,1,-0.52,-0.91,-0.13,1
169,1894,2,-0.29,-0.42,-0.15,2
170,1894,3,-0.23,-0.21,-0.24,2
171,1894,4,-0.44,-0.54,-0.35,1
172,1894,5,-0.3,-0.26,-0.34,2
173,1894,6,-0.4,-0.4,-0.4,1
174,1894,7,-0.23,-0.2,-0.26,2
175,1894,8,-0.23,-0.26,-0.2,2
176,1894,9,-0.27,-0.32,-0.22,2
177,1894,10,-0.23,-0.27,-0.17,2
178,1894,11,-0.25,-0.47,-0.03,2
179,1894,12,-0.2,-0.35,-0.06,2
180,1895,1,-0.4,-0.69,-0.12,1
181,1895,2,-0.42,-0.81,-0.05,1
182,1895,3,-0.32,-0.49,-0.16,1
183,1895,4,-0.21,-0.18,-0.24,2
184,1895,5,-0.26,-0.29,-0.24,2
185,1895,6,-0.2,-0.2,-0.21,2
186,1895,7,-0.16,-0.18,-0.14,2
187,1895,8,-0.16,-0.26,-0.06,2
188,1895,9,-0.12,-0.05,-0.18,2
189,1895,10,-0.1,-0.09,-0.12,2
190,1895,11,-0.16,-0.12,-0.2,2
191,1895,12,-0.13,-0.22,-0.05,2
192,1896,1,-0.21,-0.35,-0.07,2
193,1896,2,-0.12,-0.18,-0.06,2
194,1896,3,-0.26,-0.49,-0.03,2
195,1896,4,-0.3,-0.6,-0.01,2
196,1896,5,-0.15,-0.16,-0.14,2
197,1896,6,-0.1,0.08,-0.28,2
198,1896,7,-0.02,0.01,-0.04,2
199,1896,8,-0.05,-0.1,0.01,2
200,1896,9,-0.07,-0.12,-0.01,2
201,1896,10,0.07,0.05,0.09,3
202,1896,11,-0.04,-0.2,0.13,2
203,1896,12,-0.04,-0.21,0.13,2
204,1897,1,-0.15,-0.4,0.1,2
205,1897,2,-0.17,-0.42,0.08,2
206,1897,3,-0.13,-0.4,0.12,2
207,1897,4,-0.02,-0.05,0.01,2
208,1897,5,-0.01,0.14,-0.15,2
209,1897,6,-0.11,-0.06,-0.16,2
210,1897,7,-0.02,0.04,-0.07,2
211,1897,8,-0.09,-0.06,-0.11,2
212,1897,9,-0.08,-0.06,-0.1,2
213,1897,10,-0.12,-0.14,-0.09,2
214,1897,11,-0.17,-0.26,-0.09,2
215,1897,12,-0.19,-0.26,-0.12,2
216,1898,1,-0.01,0.07,-0.09,2
217,1898,2,-0.29,-0.42,-0.15,2
218,1898,3,-0.5,-0.78,-0.23,1
219,1898,4,-0.3,-0.27,-0.33,2
220,1898,5,-0.29,-0.26,-0.33,2
221,1898,6,-0.18,-0.06,-0.29,2
222,1898,7,-0.21,-0.09,-0.32,2
223,1898,8,-0.25,-0.16,-0.35,2
224,1898,9,-0.21,-0.16,-0.25,2
225,1898,10,-0.34,-0.36,-0.32,1
226,1898,11,-0.37,-0.5,-0.25,1
227,1898,12,-0.22,-0.25,-0.2,2
228,1899,1,-0.15,-0.11,-0.19,2
229,1899,2,-0.38,-0.64,-0.13,1
230,1899,3,-0.35,-0.57,-0.13,1
231,1899,4,-0.2,-0.23,-0.17,2
232,1899,5,-0.22,-0.23,-0.22,2
233,1899,6,-0.31,-0.34,-0.27,1
234,1899,7,-0.15,-0.16,-0.15,2
235,1899,8,-0.08,-0.06,-0.1,2
236,1899,9,-0.04,-0.04,-0.04,2
237,1899,10,-0.04,0.05,-0.12,2
238,1899,11,0.14,0.38,-0.09,3
239,1899,12,-0.25,-0.45,-0.05,2
240,1900,1,-0.35,-0.6,-0.09,1
241,1900,2,-0.05,-0.13,0.03,2
242,1900,3,0.01,0.07,-0.04,3
243,1900,4,-0.08,-0.09,-0.07,2
244,1900,5,-0.08,-0.02,-0.13,2
245,1900,6,-0.09,-0.08,-0.08,2
246,1900,7,-0.12,-0.1,-0.12,2
247,1900,8,-0.08,-0.07,-0.07,2
248,1900,9,-0.04,-0.01,-0.06,2
249,1900,10,0.11,0.25,-0.01,3
250,1900,11,-0.05,-0.1,0.01,2
251,1900,12,-0.06,-0.01,-0.09,2
252,1901,1,-0.21,-0.32,-0.1,2
253,1901,2,-0.1,-0.08,-0.12,2
254,1901,3,0.07,0.29,-0.14,3
255,1901,4,-0.02,0.12,-0.15,2
256,1901,5,-0.15,-0.11,-0.18,2
257,1901,6,-0.11,0.02,-0.24,2
258,1901,7,-0.14,0.03,-0.29,2
259,1901,8,-0.2,-0.15,-0.24,2
260,1901,9,-0.21,-0.26,-0.17,2
261,1901,10,-0.28,-0.31,-0.26,2
262,1901,11,-0.17,-0.21,-0.12,2
263,1901,12,-0.26,-0.39,-0.14,2
264,1902,1,-0.17,-0.15,-0.18,2
265,1902,2,-0.06,0.03,-0.14,2
266,1902,3,-0.27,-0.37,-0.17,2
267,1902,4,-0.27,-0.37,-0.17,2
268,1902,5,-0.31,-0.37,-0.24,1
269,1902,6,-0.29,-0.34,-0.22,2
270,1902,7,-0.27,-0.31,-0.22,2
271,1902,8,-0.29,-0.26,-0.3,2
272,1902,9,-0.28,-0.32,-0.24,2
273,1902,10,-0.28,-0.28,-0.27,2
274,1902,11,-0.34,-0.43,-0.25,1
275,1902,12,-0.4,-0.58,-0.22,1
276,1903,1,-0.22,-0.2,-0.24,2
277,1903,2,-0.05,0.13,-0.22,2
278,1903,3,-0.21,-0.12,-0.3,2
279,1903,4,-0.4,-0.44,-0.35,1
280,1903,5,-0.39,-0.41,-0.36,1
281,1903,6,-0.41,-0.43,-0.39,1
282,1903,7,-0.34,-0.43,-0.27,1
283,1903,8,-0.44,-0.53,-0.35,1
284,1903,9,-0.49,-0.48,-0.5,1
285,1903,10,-0.47,-0.47,-0.47,1
286,1903,11,-0.41,-0.41,-0.43,1
287,1903,12,-0.49,-0.55,-0.46,1
288,1904,1,-0.62,-0.76,-0.5,0
289,1904,2,-0.57,-0.58,-0.56,1
290,1904,3,-0.47,-0.39,-0.56,1
291,1904,4,-0.49,-0.49,-0.5,1
292,1904,5,-0.51,-0.42,-0.59,1
293,1904,6,-0.47,-0.47,-0.48,1
294,1904,7,-0.5,-0.58,-0.42,1
295,1904,8,-0.48,-0.53,-0.43,1
296,1904,9,-0.55,-0.62,-0.47,1
297,1904,10,-0.38,-0.37,-0.38,1
298,1904,11,-0.16,-0.07,-0.25,2
299,1904,12,-0.32,-0.33,-0.31,1
300,1905,1,-0.34,-0.41,-0.27,1
301,1905,2,-0.58,-0.81,-0.35,1
302,1905,3,-0.21,-0.22,-0.2,2
303,1905,4,-0.33,-0.45,-0.2,1
304,1905,5,-0.29,-0.28,-0.28,2
305,1905,6,-0.27,-0.26,-0.27,2
306,1905,7,-0.26,-0.2,-0.3,2
307,1905,8,-0.19,-0.22,-0.16,2
308,1905,9,-0.18,-0.18,-0.17,2
309,1905,10,-0.24,-0.25,-0.21,2
310,1905,11,-0.06,0.1,-0.2,2
311,1905,12,-0.12,-0.16,-0.07,2
312,1906,1,-0.27,-0.55,0.02,2
313,1906,2,-0.29,-0.52,-0.04,2
314,1906,3,-0.18,-0.19,-0.16,2
315,1906,4,-0.04,0.05,-0.14,2
316,1906,5,-0.25,-0.24,-0.26,2
317,1906,6,-0.19,-0.11,-0.27,2
318,1906,7,-0.22,-0.25,-0.18,2
319,1906,8,-0.19,-0.15,-0.22,2
320,1906,9,-0.28,-0.23,-0.32,2
321,1906,10,-0.19,-0.16,-0.23,2
322,1906,11,-0.36,-0.39,-0.34,1
323,1906,12,-0.14,0.04,-0.33,2
324,1907,1,-0.42,-0.57,-0.27,1
325,1907,2,-0.5,-0.71,-0.29,1
326,1907,3,-0.26,-0.3,-0.23,2
327,1907,4,-0.36,-0.44,-0.28,1
328,1907,5,-0.45,-0.57,-0.33,1
329,1907,6,-0.41,-0.49,-0.32,1
330,1907,7,-0.34,-0.39,-0.29,1
331,1907,8,-0.33,-0.37,-0.29,1
332,1907,9,-0.33,-0.39,-0.27,1
333,1907,10,-0.22,-0.18,-0.25,2
334,1907,11,-0.45,-0.54,-0.35,1
335,1907,12,-0.46,-0.56,-0.35,1
336,1908,1,-0.44,-0.53,-0.34,1
337,1908,2,-0.32,-0.27,-0.37,1
338,1908,3,-0.54,-0.69,-0.39,1
339,1908,4,-0.44,-0.47,-0.4,1
340,1908,5,-0.37,-0.29,-0.45,1
341,1908,6,-0.37,-0.3,-0.46,1
342,1908,7,-0.34,-0.35,-0.34,1
343,1908,8,-0.45,-0.56,-0.35,1
344,1908,9,-0.35,-0.3,-0.41,1
345,1908,10,-0.43,-0.44,-0.43,1
346,1908,11,-0.51,-0.62,-0.4,1
347,1908,12,-0.48,-0.54,-0.43,1
348,1909,1,-0.71,-0.92,-0.5,0
349,1909,2,-0.45,-0.45,-0.46,1
350,1909,3,-0.54,-0.66,-0.41,1
351,1909,4,-0.58,-0.64,-0.52,1
352,1909,5,-0.54,-0.48,-0.59,1
353,1909,6,-0.51,-0.5,-0.51,1
354,1909,7,-0.44,-0.43,-0.45,1
355,1909,8,-0.32,-0.34,-0.32,1
356,1909,9,-0.38,-0.36,-0.41,1
357,1909,10,-0.39,-0.32,-0.46,1
358,1909,11,-0.31,-0.11,-0.52,1
359,1909,12,-0.55,-0.56,-0.55,1
360,1910,1,-0.41,-0.35,-0.49,1
361,1910,2,-0.41,-0.37,-0.45,1
362,1910,3,-0.5,-0.49,-0.52,1
363,1910,4,-0.41,-0.4,-0.44,1
364,1910,5,-0.33,-0.28,-0.38,1
365,1910,6,-0.37,-0.43,-0.32,1
366,1910,7,-0.33,-0.36,-0.3,1
367,1910,8,-0.35,-0.38,-0.33,1
368,1910,9,-0.38,-0.42,-0.34,1
369,1910,10,-0.4,-0.3,-0.5,1
370,1910,11,-0.54,-0.57,-0.52,1
371,1910,12,-0.66,-0.8,-0.52,0
372,1911,1,-0.61,-0.69,-0.52,0
373,1911,2,-0.56,-0.57,-0.55,1
374,1911,3,-0.6,-0.63,-0.57,1
375,1911,4,-0.52,-0.44,-0.6,1
376,1911,5,-0.5,-0.44,-0.57,1
377,1911,6,-0.49,-0.32,-0.65,1
378,1911,7,-0.4,-0.35,-0.45,1
379,1911,8,-0.43,-0.43,-0.44,1
380,1911,9,-0.4,-0.37,-0.43,1
381,1911,10,-0.26,-0.18,-0.32,2
382,1911,11,-0.2,-0.19,-0.2,2
383,1911,12,-0.2,-0.29,-0.1,2
384,1912,1,-0.24,-0.34,-0.13,2
385,1912,2,-0.13,-0.16,-0.11,2
386,1912,3,-0.37,-0.59,-0.13,1
387,1912,4,-0.16,-0.15,-0.17,2
388,1912,5,-0.2,-0.11,-0.28,2
389,1912,6,-0.22,-0.12,-0.31,2
390,1912,7,-0.41,-0.51,-0.31,1
391,1912,8,-0.53,-0.76,-0.29,1
392,1912,9,-0.57,-0.79,-0.33,1
393,1912,10,-0.56,-0.83,-0.29,1
394,1912,11,-0.38,-0.5,-0.24,1
395,1912,12,-0.42,-0.55,-0.28,1
396,1913,1,-0.39,-0.55,-0.23,1
397,1913,2,-0.44,-0.64,-0.24,1
398,1913,3,-0.42,-0.46,-0.37,1
399,1913,4,-0.39,-0.5,-0.28,1
400,1913,5,-0.43,-0.54,-0.32,1
401,1913,6,-0.44,-0.48,-0.39,1
402,1913,7,-0.35,-0.5,-0.19,1
403,1913,8,-0.33,-0.45,-0.2,1
404,1913,9,-0.34,-0.42,-0.26,1
405,1913,10,-0.32,-0.39,-0.24,1
406,1913,11,-0.19,-0.13,-0.23,2
407,1913,12,-0.01,0.12,-0.13,2
408,1914,1,0.06,0.18,-0.07,3
409,1914,2,-0.09,-0.1,-0.08,2
410,1914,3,-0.23,-0.35,-0.11,2
411,1914,4,-0.28,-0.37,-0.18,2
412,1914,5,-0.2,-0.18,-0.22,2
413,1914,6,-0.25,-0.22,-0.27,2
414,1914,7,-0.23,-0.33,-0.12,2
415,1914,8,-0.15,-0.27,-0.04,2
416,1914,9,-0.16,-0.29,-0.03,2
417,1914,10,-0.03,0.0,-0.04,2
418,1914,11,-0.14,-0.21,-0.07,2
419,1914,12,-0.03,-0.04,-0.01,2
420,1915,1,-0.2,-0.26,-0.12,2
421,1915,2,-0.03,-0.08,0.03,2
422,1915,3,-0.09,-0.23,0.05,2
423,1915,4,0.07,0.08,0.07,3
424,1915,5,-0.05,-0.01,-0.09,2
425,1915,6,-0.21,-0.11,-0.29,2
426,1915,7,-0.11,-0.08,-0.13,2
427,1915,8,-0.21,-0.15,-0.26,2
428,1915,9,-0.2,-0.2,-0.19,2
429,1915,10,-0.24,-0.26,-0.2,2
430,1915,11,-0.12,-0.02,-0.22,2
431,1915,12,-0.21,-0.25,-0.17,2
432,1916,1,-0.11,-0.08,-0.15,2
433,1916,2,-0.14,-0.16,-0.12,2
434,1916,3,-0.27,-0.38,-0.17,2
435,1916,4,-0.3,-0.34,-0.26,2
436,1916,5,-0.33,-0.35,-0.32,1
437,1916,6,-0.48,-0.49,-0.47,1
438,1916,7,-0.36,-0.33,-0.4,1
439,1916,8,-0.27,-0.36,-0.19,2
440,1916,9,-0.35,-0.48,-0.23,1
441,1916,10,-0.32,-0.34,-0.31,1
442,1916,11,-0.45,-0.46,-0.46,1
443,1916,12,-0.81,-1.13,-0.51,0
444,1917,1,-0.57,-0.53,-0.62,1
445,1917,2,-0.62,-0.68,-0.58,0
446,1917,3,-0.63,-0.74,-0.53,0
447,1917,4,-0.54,-0.64,-0.46,1
448,1917,5,-0.54,-0.72,-0.38,1
449,1917,6,-0.42,-0.48,-0.38,1
450,1917,7,-0.24,-0.32,-0.18,2
451,1917,8,-0.21,-0.39,-0.06,2
452,1917,9,-0.22,-0.3,-0.15,2
453,1917,10,-0.43,-0.62,-0.26,1
454,1917,11,-0.32,-0.31,-0.35,1
455,1917,12,-0.66,-1.05,-0.28,0
456,1918,1,-0.47,-0.69,-0.26,1
457,1918,2,-0.33,-0.45,-0.23,1
458,1918,3,-0.24,-0.24,-0.25,2
459,1918,4,-0.43,-0.58,-0.29,1
460,1918,5,-0.42,-0.48,-0.37,1
461,1918,6,-0.35,-0.44,-0.28,1
462,1918,7,-0.31,-0.33,-0.28,1
463,1918,8,-0.31,-0.36,-0.26,1
464,1918,9,-0.17,-0.25,-0.09,2
465,1918,10,-0.05,-0.04,-0.06,2
466,1918,11,-0.11,-0.21,0.03,2
467,1918,12,-0.29,-0.55,0.0,2
468,1919,1,-0.2,-0.37,0.0,2
469,1919,2,-0.23,-0.41,-0.05,2
470,1919,3,-0.21,-0.38,-0.02,2
471,1919,4,-0.12,-0.23,-0.01,2
472,1919,5,-0.27,-0.41,-0.13,2
473,1919,6,-0.35,-0.39,-0.31,1
474,1919,7,-0.28,-0.33,-0.25,2
475,1919,8,-0.32,-0.3,-0.36,1
476,1919,9,-0.25,-0.19,-0.31,2
477,1919,10,-0.19,-0.08,-0.3,2
478,1919,11,-0.4,-0.47,-0.33,1
479,1919,12,-0.41,-0.55,-0.27,1
480,1920,1,-0.24,-0.15,-0.32,2
481,1920,2,-0.26,-0.28,-0.22,2
482,1920,3,-0.12,0.01,-0.24,2
483,1920,4,-0.23,-0.2,-0.26,2
484,1920,5,-0.26,-0.21,-0.31,2
485,1920,6,-0.35,-0.25,-0.44,1
486,1920,7,-0.29,-0.25,-0.33,2
487,1920,8,-0.26,-0.32,-0.2,2
488,1920,9,-0.21,-0.35,-0.07,2
489,1920,10,-0.26,-0.39,-0.12,2
490,1920,11,-0.26,-0.45,-0.07,2
491,1920,12,-0.45,-0.71,-0.2,1
492,1921,1,-0.04,0.19,-0.27,2
493,1921,2,-0.17,-0.08,-0.27,2
494,1921,3,-0.22,-0.11,-0.36,2
495,1921,4,-0.29,-0.17,-0.43,2
496,1921,5,-0.3,-0.24,-0.35,2
497,1921,6,-0.27,-0.15,-0.38,2
498,1921,7,-0.14,-0.03,-0.25,2
499,1921,8,-0.25,-0.29,-0.21,2
500,1921,9,-0.19,-0.17,-0.19,2
501,1921,10,-0.03,0.0,-0.04,2
502,1921,11,-0.13,-0.09,-0.16,2
503,1921,12,-0.17,-0.13,-0.21,2
504,1922,1,-0.32,-0.37,-0.27,1
505,1922,2,-0.44,-0.62,-0.25,1
506,1922,3,-0.14,-0.11,-0.19,2
507,1922,4,-0.22,-0.16,-0.29,2
508,1922,5,-0.33,-0.19,-0.47,1
509,1922,6,-0.3,-0.15,-0.45,2
510,1922,7,-0.27,-0.28,-0.27,2
511,1922,8,-0.32,-0.36,-0.29,1
512,1922,9,-0.35,-0.43,-0.29,1
513,1922,10,-0.32,-0.32,-0.33,1
514,1922,11,-0.14,-0.13,-0.16,2
515,1922,12,-0.18,-0.14,-0.23,2
516,1923,1,-0.27,-0.18,-0.36,2
517,1923,2,-0.39,-0.46,-0.31,1
518,1923,3,-0.33,-0.39,-0.29,1
519,1923,4,-0.4,-0.52,-0.28,1
520,1923,5,-0.33,-0.39,-0.28,1
521,1923,6,-0.28,-0.23,-0.33,2
522,1923,7,-0.3,-0.28,-0.32,2
523,1923,8,-0.32,-0.27,-0.37,1
524,1923,9,-0.31,-0.17,-0.43,1
525,1923,10,-0.13,0.07,-0.31,2
526,1923,11,-0.02,0.16,-0.19,2
527,1923,12,-0.04,0.1,-0.16,2
528,1924,1,-0.22,-0.28,-0.15,2
529,1924,2,-0.23,-0.21,-0.24,2
530,1924,3,-0.08,0.03,-0.18,2
531,1924,4,-0.3,-0.28,-0.32,2
532,1924,5,-0.18,-0.05,-0.29,2
533,1924,6,-0.25,-0.19,-0.31,2
534,1924,7,-0.28,-0.21,-0.34,2
535,1924,8,-0.35,-0.26,-0.45,1
536,1924,9,-0.32,-0.22,-0.41,1
537,1924,10,-0.35,-0.23,-0.46,1
538,1924,11,-0.2,0.11,-0.52,2
539,1924,12,-0.42,-0.36,-0.5,1
540,1925,1,-0.38,-0.28,-0.49,1
541,1925,2,-0.4,-0.38,-0.42,1
542,1925,3,-0.27,-0.23,-0.32,2
543,1925,4,-0.25,-0.16,-0.34,2
544,1925,5,-0.28,-0.21,-0.35,2
545,1925,6,-0.32,-0.25,-0.38,1
546,1925,7,-0.26,-0.25,-0.26,2
547,1925,8,-0.19,-0.18,-0.2,2
548,1925,9,-0.19,-0.04,-0.32,2
549,1925,10,-0.16,-0.08,-0.23,2
550,1925,11,0.05,0.22,-0.1,3
551,1925,12,0.07,0.23,-0.07,3
552,1926,1,0.21,0.53,-0.1,3
553,1926,2,0.03,0.19,-0.12,3
554,1926,3,0.11,0.37,-0.14,3
555,1926,4,-0.12,-0.11,-0.1,2
556,1926,5,-0.23,-0.23,-0.21,2
557,1926,6,-0.25,-0.19,-0.28,2
558,1926,7,-0.27,-0.19,-0.32,2
559,1926,8,-0.13,-0.05,-0.18,2
560,1926,9,-0.14,-0.02,-0.23,2
561,1926,10,-0.11,0.07,-0.26,2
562,1926,11,-0.06,0.17,-0.27,2
563,1926,12,-0.29,-0.29,-0.27,2
564,1927,1,-0.27,-0.28,-0.24,2
565,1927,2,-0.18,-0.08,-0.27,2
566,1927,3,-0.38,-0.46,-0.3,1
567,1927,4,-0.3,-0.27,-0.34,2
568,1927,5,-0.25,-0.12,-0.37,2
569,1927,6,-0.27,-0.13,-0.4,2
570,1927,7,-0.18,-0.07,-0.29,2
571,1927,8,-0.24,-0.16,-0.3,2
572,1927,9,-0.12,0.03,-0.26,2
573,1927,10,-0.01,0.24,-0.24,2
574,1927,11,-0.05,0.09,-0.18,2
575,1927,12,-0.33,-0.37,-0.25,1
576,1928,1,-0.01,0.27,-0.28,2
577,1928,2,-0.09,0.09,-0.26,2
578,1928,3,-0.25,-0.23,-0.26,2
579,1928,4,-0.27,-0.31,-0.23,2
580,1928,5,-0.29,-0.17,-0.41,2
581,1928,6,-0.38,-0.31,-0.43,1
582,1928,7,-0.19,-0.1,-0.28,2
583,1928,8,-0.22,-0.19,-0.25,2
584,1928,9,-0.21,-0.16,-0.26,2
585,1928,10,-0.19,-0.08,-0.29,2
586,1928,11,-0.09,0.06,-0.22,2
587,1928,12,-0.16,-0.04,-0.28,2
588,1929,1,-0.44,-0.56,-0.32,1
589,1929,2,-0.58,-0.79,-0.36,1
590,1929,3,-0.32,-0.19,-0.46,1
591,1929,4,-0.41,-0.35,-0.46,1
592,1929,5,-0.38,-0.27,-0.48,1
593,1929,6,-0.43,-0.39,-0.46,1
594,1929,7,-0.36,-0.35,-0.38,1
595,1929,8,-0.32,-0.19,-0.43,1
596,1929,9,-0.25,-0.2,-0.29,2
597,1929,10,-0.14,-0.01,-0.26,2
598,1929,11,-0.1,-0.02,-0.18,2
599,1929,12,-0.54,-0.65,-0.4,1
600,1930,1,-0.29,-0.11,-0.46,2
601,1930,2,-0.26,-0.19,-0.34,2
602,1930,3,-0.1,0.11,-0.32,2
603,1930,4,-0.25,-0.15,-0.33,2
604,1930,5,-0.24,-0.2,-0.28,2
605,1930,6,-0.22,-0.11,-0.31,2
606,1930,7,-0.21,-0.03,-0.37,2
607,1930,8,-0.15,0.02,-0.3,2
608,1930,9,-0.15,-0.02,-0.28,2
609,1930,10,-0.12,0.02,-0.23,2
610,1930,11,0.18,0.45,-0.07,3
611,1930,12,-0.05,0.08,-0.16,2
612,1931,1,-0.1,0.01,-0.18,2
613,1931,2,-0.21,-0.23,-0.15,2
614,1931,3,-0.1,-0.06,-0.12,2
615,1931,4,-0.23,-0.2,-0.23,2
616,1931,5,-0.19,-0.14,-0.22,2
617,1931,6,-0.08,0.15,-0.28,2
618,1931,7,-0.03,0.08,-0.14,2
619,1931,8,-0.04,0.09,-0.16,2
620,1931,9,-0.07,0.17,-0.29,2
621,1931,10,0.05,0.36,-0.25,3
622,1931,11,-0.05,0.26,-0.35,2
623,1931,12,-0.05,0.1,-0.2,2
624,1932,1,0.15,0.39,-0.09,3
625,1932,2,-0.17,-0.18,-0.15,2
626,1932,3,-0.18,-0.2,-0.16,2
627,1932,4,-0.06,0.1,-0.21,2
628,1932,5,-0.17,-0.09,-0.25,2
629,1932,6,-0.29,-0.14,-0.42,2
630,1932,7,-0.25,-0.14,-0.34,2
631,1932,8,-0.22,-0.08,-0.35,2
632,1932,9,-0.11,0.1,-0.31,2
633,1932,10,-0.09,0.14,-0.31,2
634,1932,11,-0.27,-0.32,-0.21,2
635,1932,12,-0.26,-0.21,-0.3,2
636,1933,1,-0.23,-0.18,-0.27,2
637,1933,2,-0.29,-0.3,-0.28,2
638,1933,3,-0.3,-0.31,-0.27,2
639,1933,4,-0.24,-0.17,-0.31,2
640,1933,5,-0.29,-0.26,-0.32,2
641,1933,6,-0.34,-0.31,-0.36,1
642,1933,7,-0.21,-0.13,-0.3,2
643,1933,8,-0.24,-0.14,-0.33,2
644,1933,9,-0.29,-0.28,-0.31,2
645,1933,10,-0.25,-0.17,-0.33,2
646,1933,11,-0.31,-0.24,-0.38,1
647,1933,12,-0.44,-0.55,-0.35,1
648,1934,1,-0.21,-0.15,-0.29,2
649,1934,2,-0.02,0.33,-0.4,2
650,1934,3,-0.29,-0.27,-0.33,2
651,1934,4,-0.3,-0.29,-0.32,2
652,1934,5,-0.09,0.08,-0.27,2
653,1934,6,-0.14,-0.01,-0.27,2
654,1934,7,-0.1,-0.03,-0.16,2
655,1934,8,-0.12,-0.1,-0.13,2
656,1934,9,-0.15,-0.14,-0.16,2
657,1934,10,-0.07,0.13,-0.26,2
658,1934,11,0.04,0.27,-0.2,3
659,1934,12,-0.02,0.18,-0.22,2
660,1935,1,-0.33,-0.39,-0.26,1
661,1935,2,0.14,0.56,-0.3,3
662,1935,3,-0.14,0.03,-0.32,2
663,1935,4,-0.36,-0.35,-0.38,1
664,1935,5,-0.29,-0.29,-0.29,2
665,1935,6,-0.27,-0.15,-0.38,2
666,1935,7,-0.21,-0.04,-0.37,2
667,1935,8,-0.21,-0.07,-0.36,2
668,1935,9,-0.21,-0.06,-0.35,2
669,1935,10,-0.06,0.12,-0.21,2
670,1935,11,-0.26,-0.32,-0.18,2
671,1935,12,-0.17,-0.17,-0.16,2
672,1936,1,-0.27,-0.29,-0.25,2
673,1936,2,-0.38,-0.5,-0.24,1
674,1936,3,-0.21,-0.13,-0.29,2
675,1936,4,-0.2,-0.06,-0.33,2
676,1936,5,-0.16,-0.01,-0.32,2
677,1936,6,-0.21,0.04,-0.47,2
678,1936,7,-0.1,0.09,-0.28,2
679,1936,8,-0.13,0.03,-0.28,2
680,1936,9,-0.09,0.07,-0.24,2
681,1936,10,-0.03,0.07,-0.12,2
682,1936,11,0.01,0.15,-0.12,3
683,1936,12,-0.01,0.15,-0.17,2
684,1937,1,-0.07,0.09,-0.23,2
685,1937,2,0.03,0.24,-0.18,3
686,1937,3,-0.2,-0.23,-0.17,2
687,1937,4,-0.15,-0.07,-0.24,2
688,1937,5,-0.05,0.12,-0.22,2
689,1937,6,-0.05,0.14,-0.23,2
690,1937,7,-0.03,0.14,-0.2,2
691,1937,8,0.02,0.15,-0.11,3
692,1937,9,0.09,0.29,-0.1,3
693,1937,10,0.09,0.33,-0.15,3
694,1937,11,0.08,0.25,-0.07,3
695,1937,12,-0.07,0.0,-0.13,2
696,1938,1,0.08,0.35,-0.19,3
697,1938,2,0.03,0.28,-0.21,3
698,1938,3,0.09,0.34,-0.16,3
699,1938,4,0.06,0.31,-0.2,3
700,1938,5,-0.09,0.03,-0.23,2
701,1938,6,-0.17,-0.07,-0.28,2
702,1938,7,-0.09,-0.03,-0.18,2
703,1938,8,-0.05,0.08,-0.21,2
704,1938,9,0.0,0.15,-0.16,3
705,1938,10,0.15,0.32,-0.05,3
706,1938,11,0.08,0.31,-0.17,3
707,1938,12,-0.12,-0.13,-0.13,2
708,1939,1,-0.05,0.03,-0.15,2
709,1939,2,-0.07,-0.01,-0.14,2
710,1939,3,-0.18,-0.24,-0.13,2
711,1939,4,-0.09,-0.07,-0.13,2
712,1939,5,-0.04,0.01,-0.1,2
713,1939,6,-0.07,0.0,-0.13,2
714,1939,7,-0.06,0.05,-0.15,2
715,1939,8,-0.06,0.08,-0.19,2
716,1939,9,-0.07,0.13,-0.27,2
717,1939,10,-0.04,0.08,-0.15,2
718,1939,11,0.07,0.24,-0.1,3
719,1939,12,0.44,0.79,0.1,4
720,1940,1,0.0,-0.1,0.12,3
721,1940,2,0.08,0.14,0.04,3
722,1940,3,0.09,0.03,0.17,3
723,1940,4,0.17,0.28,0.08,3
724,1940,5,0.11,0.16,0.07,3
725,1940,6,0.11,0.16,0.07,3
726,1940,7,0.12,0.15,0.09,3
727,1940,8,0.07,0.07,0.08,3
728,1940,9,0.15,0.27,0.07,3
729,1940,10,0.11,0.29,-0.03,3
730,1940,11,0.17,0.3,0.06,3
731,1940,12,0.32,0.36,0.29,4
732,1941,1,0.18,0.18,0.2,3
733,1941,2,0.31,0.47,0.17,4
734,1941,3,0.1,0.12,0.1,3
735,1941,4,0.16,0.12,0.22,3
736,1941,5,0.17,0.24,0.14,3
737,1941,6,0.13,0.21,0.08,3
738,1941,7,0.22,0.25,0.21,3
739,1941,8,0.15,0.19,0.13,3
740,1941,9,0.02,0.1,-0.03,3
741,1941,10,0.35,0.5,0.22,4
742,1941,11,0.22,0.18,0.29,3
743,1941,12,0.21,0.19,0.25,3
744,1942,1,0.29,0.4,0.18,3
745,1942,2,0.02,-0.09,0.13,3
746,1942,3,0.05,-0.01,0.11,3
747,1942,4,0.09,0.09,0.1,3
748,1942,5,0.11,0.16,0.06,3
749,1942,6,0.05,0.1,0.0,3
750,1942,7,0.0,0.0,0.0,3
751,1942,8,-0.04,-0.08,0.0,2
752,1942,9,-0.03,0.11,-0.17,2
753,1942,10,0.01,0.28,-0.26,3
754,1942,11,0.1,0.26,-0.09,3
755,1942,12,0.13,0.27,-0.04,3
756,1943,1,-0.01,-0.1,0.07,2
757,1943,2,0.17,0.38,-0.05,3
758,1943,3,-0.04,0.0,-0.08,2
759,1943,4,0.11,0.31,-0.11,3
760,1943,5,0.07,0.23,-0.1,3
761,1943,6,-0.05,-0.07,-0.04,2
762,1943,7,0.08,-0.02,0.18,3
763,1943,8,0.01,0.1,-0.08,3
764,1943,9,0.05,0.14,-0.04,3
765,1943,10,0.23,0.46,-0.01,3
766,1943,11,0.2,0.36,0.03,3
767,1943,12,0.24,0.37,0.08,3
768,1944,1,0.36,0.62,0.08,4
769,1944,2,0.24,0.43,0.04,3
770,1944,3,0.26,0.31,0.21,3
771,1944,4,0.19,0.18,0.21,3
772,1944,5,0.19,0.23,0.14,3
773,1944,6,0.15,0.17,0.16,3
774,1944,7,0.18,0.14,0.23,3
775,1944,8,0.18,0.16,0.22,3
776,1944,9,0.28,0.35,0.2,3
777,1944,10,0.26,0.44,0.08,3
778,1944,11,0.11,0.19,0.03,3
779,1944,12,0.04,-0.01,0.09,3
780,1945,1,0.1,0.11,0.1,3
781,1945,2,0.0,-0.06,0.08,3
782,1945,3,0.06,0.09,0.03,3
783,1945,4,0.19,0.29,0.09,3
784,1945,5,0.06,0.08,0.05,3
785,1945,6,0.0,0.08,-0.05,3
786,1945,7,0.03,0.06,0.02,3
787,1945,8,0.26,0.28,0.24,3
788,1945,9,0.2,0.2,0.21,3
789,1945,10,0.18,0.24,0.13,3
790,1945,11,0.07,0.09,0.07,3
791,1945,12,-0.07,-0.21,0.09,2
792,1946,1,0.15,0.34,-0.03,3
793,1946,2,0.02,0.09,-0.03,3
794,1946,3,0.01,0.12,-0.09,3
795,1946,4,0.05,0.31,-0.2,3
796,1946,5,-0.07,0.03,-0.17,2
797,1946,6,-0.21,-0.05,-0.38,2
798,1946,7,-0.12,-0.04,-0.21,2
799,1946,8,-0.2,-0.1,-0.31,2
800,1946,9,-0.08,-0.04,-0.12,2
801,1946,10,-0.08,0.02,-0.17,2
802,1946,11,-0.05,0.07,-0.18,2
803,1946,12,-0.31,-0.45,-0.15,1
804,1947,1,-0.07,-0.04,-0.08,2
805,1947,2,-0.08,-0.04,-0.12,2
806,1947,3,0.06,0.28,-0.16,3
807,1947,4,0.06,0.23,-0.11,3
808,1947,5,-0.02,0.06,-0.09,2
809,1947,6,-0.02,0.0,-0.03,2
810,1947,7,-0.04,-0.03,-0.05,2
811,1947,8,-0.07,-0.04,-0.1,2
812,1947,9,-0.12,-0.01,-0.24,2
813,1947,10,0.07,0.41,-0.27,3
814,1947,11,0.03,0.19,-0.15,3
815,1947,12,-0.13,-0.05,-0.22,2
816,1948,1,0.06,0.3,-0.18,3
817,1948,2,-0.15,-0.15,-0.14,2
818,1948,3,-0.24,-0.28,-0.21,2
819,1948,4,-0.12,-0.03,-0.2,2
820,1948,5,-0.01,0.17,-0.17,2
821,1948,6,-0.05,0.04,-0.15,2
822,1948,7,-0.11,0.01,-0.23,2
823,1948,8,-0.12,0.03,-0.26,2
824,1948,9,-0.14,-0.03,-0.26,2
825,1948,10,-0.05,0.08,-0.18,2
826,1948,11,-0.12,0.04,-0.28,2
827,1948,12,-0.23,-0.39,-0.08,2
828,1949,1,0.07,0.23,-0.1,3
829,1949,2,-0.14,-0.09,-0.19,2
830,1949,3,-0.02,0.04,-0.08,2
831,1949,4,-0.11,-0.03,-0.19,2
832,1949,5,-0.1,0.01,-0.2,2
833,1949,6,-0.27,-0.2,-0.34,2
834,1949,7,-0.13,-0.11,-0.15,2
835,1949,8,-0.13,-0.04,-0.21,2
836,1949,9,-0.14,-0.1,-0.19,2
837,1949,10,-0.06,0.07,-0.2,2
838,1949,11,-0.1,0.05,-0.25,2
839,1949,12,-0.18,-0.14,-0.22,2
840,1950,1,-0.26,-0.29,-0.23,2
841,1950,2,-0.27,-0.27,-0.27,2
842,1950,3,-0.08,0.06,-0.22,2
843,1950,4,-0.21,-0.22,-0.2,2
844,1950,5,-0.11,-0.04,-0.19,2
845,1950,6,-0.05,-0.06,-0.05,2
846,1950,7,-0.09,-0.18,-0.01,2
847,1950,8,-0.16,-0.2,-0.12,2
848,1950,9,-0.11,-0.09,-0.15,2
849,1950,10,-0.2,-0.06,-0.35,2
850,1950,11,-0.34,-0.33,-0.35,1
851,1950,12,-0.21,-0.13,-0.32,2
852,1951,1,-0.34,-0.36,-0.33,1
853,1951,2,-0.41,-0.52,-0.32,1
854,1951,3,-0.2,-0.18,-0.22,2
855,1951,4,-0.14,0.06,-0.35,2
856,1951,5,0.0,0.17,-0.18,3
857,1951,6,-0.07,-0.02,-0.11,2
858,1951,7,-0.01,0.08,-0.09,2
859,1951,8,0.06,0.22,-0.1,3
860,1951,9,0.05,0.34,-0.21,3
861,1951,10,0.08,0.29,-0.11,3
862,1951,11,-0.01,0.08,-0.08,2
863,1951,12,0.16,0.38,-0.06,3
864,1952,1,0.12,0.17,0.07,3
865,1952,2,0.11,0.17,0.06,3
866,1952,3,-0.08,-0.22,0.07,2
867,1952,4,0.03,0.17,-0.1,3
868,1952,5,-0.03,0.15,-0.19,2
869,1952,6,-0.03,0.16,-0.21,2
870,1952,7,0.04,0.14,-0.05,3
871,1952,8,0.05,0.07,0.02,3
872,1952,9,0.07,0.14,0.0,3
873,1952,10,0.0,-0.01,0.01,3
874,1952,11,-0.13,-0.21,-0.05,2
875,1952,12,-0.02,0.01,-0.04,2
876,1953,1,0.07,0.24,-0.08,3
877,1953,2,0.15,0.37,-0.07,3
878,1953,3,0.11,0.25,-0.03,3
879,1953,4,0.19,0.41,-0.01,3
880,1953,5,0.11,0.24,-0.01,3
881,1953,6,0.12,0.25,-0.01,3
882,1953,7,0.01,0.21,-0.19,3
883,1953,8,0.05,0.18,-0.07,3
884,1953,9,0.04,0.17,-0.08,3
885,1953,10,0.08,0.27,-0.1,3
886,1953,11,-0.03,0.08,-0.12,2
887,1953,12,0.05,0.22,-0.12,3
888,1954,1,-0.24,-0.24,-0.23,2
889,1954,2,-0.1,0.0,-0.19,2
890,1954,3,-0.15,-0.16,-0.12,2
891,1954,4,-0.14,-0.01,-0.27,2
892,1954,5,-0.2,-0.07,-0.33,2
893,1954,6,-0.18,-0.04,-0.33,2
894,1954,7,-0.19,-0.11,-0.28,2
895,1954,8,-0.17,-0.01,-0.34,2
896,1954,9,-0.1,0.09,-0.29,2
897,1954,10,-0.02,0.13,-0.18,2
898,1954,11,0.08,0.34,-0.2,3
899,1954,12,-0.18,-0.11,-0.26,2
900,1955,1,0.13,0.42,-0.17,3
901,1955,2,-0.16,-0.13,-0.19,2
902,1955,3,-0.32,-0.43,-0.22,1
903,1955,4,-0.22,-0.24,-0.21,2
904,1955,5,-0.2,-0.13,-0.29,2
905,1955,6,-0.14,-0.1,-0.19,2
906,1955,7,-0.11,-0.05,-0.19,2
907,1955,8,0.02,0.06,-0.05,3
908,1955,9,-0.11,-0.02,-0.22,2
909,1955,10,-0.05,0.12,-0.24,2
910,1955,11,-0.25,-0.34,-0.19,2
911,1955,12,-0.28,-0.29,-0.29,2
912,1956,1,-0.12,-0.04,-0.22,2
913,1956,2,-0.24,-0.32,-0.17,2
914,1956,3,-0.21,-0.23,-0.19,2
915,1956,4,-0.27,-0.26,-0.29,2
916,1956,5,-0.29,-0.3,-0.29,2
917,1956,6,-0.16,-0.2,-0.13,2
918,1956,7,-0.09,-0.2,0.0,2
919,1956,8,-0.26,-0.28,-0.24,2
920,1956,9,-0.19,-0.32,-0.07,2
921,1956,10,-0.23,-0.28,-0.19,2
922,1956,11,-0.15,-0.26,-0.05,2
923,1956,12,-0.06,-0.1,-0.03,2
924,1957,1,-0.09,-0.14,-0.04,2
925,1957,2,-0.03,-0.06,-0.01,2
926,1957,3,-0.05,-0.1,0.0,2
927,1957,4,0.0,-0.1,0.09,3
928,1957,5,0.09,-0.06,0.23,3
929,1957,6,0.15,0.12,0.19,3
930,1957,7,0.02,0.11,-0.06,3
931,1957,8,0.15,0.16,0.14,3
932,1957,9,0.09,0.12,0.05,3
933,1957,10,0.01,0.06,-0.03,3
934,1957,11,0.08,0.12,0.04,3
935,1957,12,0.15,0.24,0.07,3
936,1958,1,0.39,0.68,0.1,4
937,1958,2,0.22,0.28,0.16,3
938,1958,3,0.08,0.16,0.01,3
939,1958,4,0.01,0.02,0.01,3
940,1958,5,0.06,0.12,0.0,3
941,1958,6,-0.09,0.04,-0.2,2
942,1958,7,0.05,0.04,0.06,3
943,1958,8,-0.05,0.13,-0.21,2
944,1958,9,-0.02,0.07,-0.11,2
945,1958,10,0.04,0.08,0.01,3
946,1958,11,0.02,0.03,0.02,3
947,1958,12,0.01,0.18,-0.15,3
948,1959,1,0.08,0.24,-0.08,3
949,1959,2,0.07,0.16,-0.02,3
950,1959,3,0.18,0.33,0.03,3
951,1959,4,0.16,0.22,0.09,3
952,1959,5,0.04,0.04,0.05,3
953,1959,6,0.03,0.14,-0.07,3
954,1959,7,0.03,0.05,0.02,3
955,1959,8,-0.01,0.09,-0.11,2
956,1959,9,-0.06,0.13,-0.25,2
957,1959,10,-0.07,-0.04,-0.1,2
958,1959,11,-0.08,0.02,-0.17,2
959,1959,12,-0.01,0.1,-0.1,2
960,1960,1,0.0,0.15,-0.15,3
961,1960,2,0.13,0.42,-0.15,3
962,1960,3,-0.35,-0.4,-0.29,1
963,1960,4,-0.15,-0.13,-0.17,2
964,1960,5,-0.08,0.03,-0.18,2
965,1960,6,-0.04,0.19,-0.26,2
966,1960,7,-0.04,0.09,-0.16,2
967,1960,8,0.02,0.11,-0.07,3
968,1960,9,0.07,0.12,0.02,3
969,1960,10,0.06,0.05,0.06,3
970,1960,11,-0.11,-0.08,-0.14,2
971,1960,12,0.19,0.39,-0.02,3
972,1961,1,0.07,0.17,-0.03,3
973,1961,2,0.19,0.29,0.08,3
974,1961,3,0.09,0.22,-0.03,3
975,1961,4,0.13,0.14,0.12,3
976,1961,5,0.12,0.07,0.17,3
977,1961,6,0.11,0.18,0.05,3
978,1961,7,0.01,0.06,-0.04,3
979,1961,8,0.01,0.05,-0.03,3
980,1961,9,0.09,-0.02,0.19,3
981,1961,10,0.0,-0.04,0.04,3
982,1961,11,0.03,0.08,-0.01,3
983,1961,12,-0.16,-0.17,-0.16,2
984,1962,1,0.05,0.28,-0.17,3
985,1962,2,0.15,0.36,-0.07,3
986,1962,3,0.1,0.3,-0.09,3
987,1962,4,0.05,0.22,-0.13,3
988,1962,5,-0.06,0.02,-0.15,2
989,1962,6,0.03,-0.13,0.19,3
990,1962,7,0.02,0.1,-0.06,3
991,1962,8,-0.01,0.04,-0.06,2
992,1962,9,0.0,-0.02,0.03,3
993,1962,10,0.01,0.13,-0.1,3
994,1962,11,0.06,0.12,0.0,3
995,1962,12,-0.03,0.1,-0.15,2
996,1963,1,-0.03,0.07,-0.14,2
997,1963,2,0.18,0.5,-0.14,3
998,1963,3,-0.14,-0.11,-0.16,2
999,1963,4,-0.07,0.04,-0.19,2
1000,1963,5,-0.06,-0.05,-0.07,2
1001,1963,6,0.05,-0.04,0.13,3
1002,1963,7,0.06,0.1,0.02,3
1003,1963,8,0.22,0.14,0.3,3
1004,1963,9,0.18,0.13,0.22,3
1005,1963,10,0.14,0.42,-0.12,3
1006,1963,11,0.15,0.43,-0.12,3
1007,1963,12,-0.03,0.02,-0.08,2
1008,1964,1,-0.09,-0.05,-0.13,2
1009,1964,2,-0.1,-0.03,-0.17,2
1010,1964,3,-0.21,-0.32,-0.1,2
1011,1964,4,-0.32,-0.3,-0.33,1
1012,1964,5,-0.25,-0.1,-0.4,2
1013,1964,6,-0.04,-0.09,0.01,2
1014,1964,7,-0.04,-0.13,0.04,2
1015,1964,8,-0.22,-0.23,-0.21,2
1016,1964,9,-0.3,-0.28,-0.31,2
1017,1964,10,-0.32,-0.31,-0.32,1
1018,1964,11,-0.21,-0.22,-0.21,2
1019,1964,12,-0.3,-0.27,-0.33,2
1020,1965,1,-0.08,-0.02,-0.15,2
1021,1965,2,-0.17,-0.37,0.02,2
1022,1965,3,-0.13,-0.1,-0.16,2
1023,1965,4,-0.19,-0.26,-0.12,2
1024,1965,5,-0.12,-0.13,-0.1,2
1025,1965,6,-0.08,-0.2,0.04,2
1026,1965,7,-0.13,-0.18,-0.08,2
1027,1965,8,-0.04,-0.2,0.12,2
1028,1965,9,-0.15,-0.2,-0.1,2
1029,1965,10,-0.05,-0.02,-0.08,2
1030,1965,11,-0.06,0.05,-0.15,2
1031,1965,12,-0.08,-0.08,-0.07,2
1032,1966,1,-0.19,-0.25,-0.13,2
1033,1966,2,-0.04,0.03,-0.12,2
1034,1966,3,0.04,0.0,0.08,3
1035,1966,4,-0.13,-0.22,-0.04,2
1036,1966,5,-0.12,-0.05,-0.19,2
1037,1966,6,0.01,0.06,-0.04,3
1038,1966,7,0.08,0.11,0.06,3
1039,1966,8,-0.09,0.14,-0.3,2
1040,1966,9,-0.03,0.06,-0.12,2
1041,1966,10,-0.16,-0.1,-0.23,2
1042,1966,11,-0.01,0.02,-0.03,2
1043,1966,12,-0.02,-0.03,-0.02,2
1044,1967,1,-0.07,-0.17,0.03,2
1045,1967,2,-0.21,-0.37,-0.04,2
1046,1967,3,0.05,0.23,-0.14,3
1047,1967,4,-0.05,0.05,-0.15,2
1048,1967,5,0.12,0.21,0.04,3
1049,1967,6,-0.08,-0.06,-0.1,2
1050,1967,7,0.02,0.05,-0.01,3
1051,1967,8,0.01,0.06,-0.06,3
1052,1967,9,-0.06,-0.03,-0.1,2
1053,1967,10,0.09,0.29,-0.12,3
1054,1967,11,-0.05,0.04,-0.14,2
1055,1967,12,-0.05,0.02,-0.13,2
1056,1968,1,-0.26,-0.29,-0.24,2
1057,1968,2,-0.14,-0.16,-0.13,2
1058,1968,3,0.2,0.44,-0.05,3
1059,1968,4,-0.06,0.0,-0.12,2
1060,1968,5,-0.14,-0.06,-0.23,2
1061,1968,6,-0.09,-0.04,-0.14,2
1062,1968,7,-0.13,-0.08,-0.17,2
1063,1968,8,-0.09,-0.08,-0.09,2
1064,1968,9,-0.19,-0.04,-0.32,2
1065,1968,10,0.09,0.0,0.18,3
1066,1968,11,-0.05,-0.22,0.12,2
1067,1968,12,-0.15,-0.33,0.05,2
1068,1969,1,-0.11,-0.43,0.22,2
1069,1969,2,-0.17,-0.45,0.12,2
1070,1969,3,0.01,-0.2,0.22,3
1071,1969,4,0.17,0.03,0.31,3
1072,1969,5,0.18,0.11,0.26,3
1073,1969,6,0.03,-0.04,0.12,3
1074,1969,7,-0.04,0.06,-0.13,2
1075,1969,8,0.04,0.05,0.03,3
1076,1969,9,0.09,0.04,0.14,3
1077,1969,10,0.1,0.03,0.17,3
1078,1969,11,0.12,0.15,0.1,3
1079,1969,12,0.24,0.31,0.19,3
1080,1970,1,0.08,-0.02,0.2,3
1081,1970,2,0.22,0.28,0.17,3
1082,1970,3,0.06,-0.07,0.19,3
1083,1970,4,0.05,-0.02,0.13,3
1084,1970,5,-0.04,0.0,-0.06,2
1085,1970,6,-0.03,0.02,-0.06,2
1086,1970,7,0.01,-0.04,0.07,3
1087,1970,8,-0.1,-0.05,-0.15,2
1088,1970,9,0.12,-0.05,0.27,3
1089,1970,10,0.03,-0.2,0.25,3
1090,1970,11,0.02,0.01,0.02,3
1091,1970,12,-0.12,-0.31,0.06,2
1092,1971,1,-0.02,-0.14,0.09,2
1093,1971,2,-0.16,-0.21,-0.11,2
1094,1971,3,-0.18,-0.28,-0.08,2
1095,1971,4,-0.07,-0.2,0.06,2
1096,1971,5,-0.05,-0.12,0.01,2
1097,1971,6,-0.17,-0.14,-0.2,2
1098,1971,7,-0.08,-0.13,-0.03,2
1099,1971,8,-0.01,-0.16,0.13,2
1100,1971,9,-0.06,-0.14,0.02,2
1101,1971,10,-0.04,-0.16,0.06,2
1102,1971,11,-0.07,-0.02,-0.14,2
1103,1971,12,-0.08,-0.13,-0.04,2
1104,1972,1,-0.22,-0.54,0.09,2
1105,1972,2,-0.18,-0.52,0.17,2
1106,1972,3,0.02,0.01,0.04,3
1107,1972,4,0.0,-0.11,0.12,3
1108,1972,5,-0.03,-0.15,0.09,2
1109,1972,6,0.04,-0.1,0.18,3
1110,1972,7,0.01,-0.05,0.08,3
1111,1972,8,0.16,-0.09,0.4,3
1112,1972,9,0.02,-0.26,0.3,3
1113,1972,10,0.08,-0.04,0.21,3
1114,1972,11,0.02,-0.2,0.25,3
1115,1972,12,0.18,-0.05,0.42,3
1116,1973,1,0.29,0.15,0.43,3
1117,1973,2,0.32,0.44,0.21,4
1118,1973,3,0.29,0.32,0.26,3
1119,1973,4,0.27,0.19,0.36,3
1120,1973,5,0.22,0.09,0.36,3
1121,1973,6,0.19,0.16,0.21,3
1122,1973,7,0.13,0.04,0.21,3
1123,1973,8,0.05,0.03,0.08,3
1124,1973,9,0.09,-0.08,0.26,3
1125,1973,10,0.1,-0.07,0.27,3
1126,1973,11,0.05,-0.09,0.18,3
1127,1973,12,-0.07,-0.04,-0.1,2
1128,1974,1,-0.1,-0.25,0.05,2
1129,1974,2,-0.27,-0.35,-0.18,2
1130,1974,3,-0.05,0.02,-0.14,2
1131,1974,4,-0.11,-0.1,-0.14,2
1132,1974,5,-0.04,-0.19,0.11,2
1133,1974,6,-0.05,-0.18,0.08,2
1134,1974,7,-0.03,-0.12,0.06,2
1135,1974,8,0.11,-0.11,0.31,3
1136,1974,9,-0.08,-0.16,0.01,2
1137,1974,10,-0.05,-0.23,0.11,2
1138,1974,11,-0.07,-0.2,0.05,2
1139,1974,12,-0.08,-0.27,0.09,2
1140,1975,1,0.1,0.16,0.03,3
1141,1975,2,0.08,0.09,0.06,3
1142,1975,3,0.12,0.1,0.14,3
1143,1975,4,0.04,0.05,0.02,3
1144,1975,5,0.16,-0.02,0.32,3
1145,1975,6,-0.01,-0.08,0.05,2
1146,1975,7,-0.01,-0.06,0.04,2
1147,1975,8,-0.17,-0.13,-0.2,2
1148,1975,9,-0.03,-0.08,0.02,2
1149,1975,10,-0.11,-0.18,-0.06,2
1150,1975,11,-0.17,-0.3,-0.05,2
1151,1975,12,-0.17,-0.22,-0.13,2
1152,1976,1,-0.03,0.05,-0.12,2
1153,1976,2,-0.06,-0.12,-0.01,2
1154,1976,3,-0.21,-0.31,-0.12,2
1155,1976,4,-0.07,0.02,-0.17,2
1156,1976,5,-0.21,-0.26,-0.16,2
1157,1976,6,-0.12,-0.2,-0.05,2
1158,1976,7,-0.1,-0.26,0.07,2
1159,1976,8,-0.12,-0.21,-0.03,2
1160,1976,9,-0.06,-0.12,-0.01,2
1161,1976,10,-0.24,-0.51,0.03,2
1162,1976,11,-0.06,-0.31,0.21,2
1163,1976,12,0.11,-0.25,0.47,3
1164,1977,1,0.18,-0.16,0.53,3
1165,1977,2,0.23,0.11,0.34,3
1166,1977,3,0.25,0.27,0.22,3
1167,1977,4,0.26,0.25,0.27,3
1168,1977,5,0.33,0.23,0.42,4
1169,1977,6,0.27,0.23,0.31,3
1170,1977,7,0.2,0.09,0.32,3
1171,1977,8,0.18,0.02,0.33,3
1172,1977,9,0.02,0.13,-0.08,3
1173,1977,10,0.03,-0.02,0.09,3
1174,1977,11,0.16,0.28,0.06,3
1175,1977,12,0.03,0.02,0.04,3
1176,1978,1,0.06,0.16,-0.03,3
1177,1978,2,0.1,0.04,0.16,3
1178,1978,3,0.19,0.21,0.17,3
1179,1978,4,0.17,0.07,0.26,3
1180,1978,5,0.09,-0.06,0.24,3
1181,1978,6,-0.01,-0.14,0.11,2
1182,1978,7,0.04,-0.07,0.16,3
1183,1978,8,-0.13,-0.14,-0.12,2
1184,1978,9,0.06,-0.01,0.12,3
1185,1978,10,0.03,0.0,0.06,3
1186,1978,11,0.14,0.16,0.11,3
1187,1978,12,0.08,0.02,0.14,3
1188,1979,1,0.08,-0.05,0.22,3
1189,1979,2,-0.1,-0.35,0.16,2
1190,1979,3,0.19,0.18,0.2,3
1191,1979,4,0.15,-0.17,0.47,3
1192,1979,5,0.04,0.01,0.06,3
1193,1979,6,0.14,0.08,0.2,3
1194,1979,7,0.04,0.05,0.03,3
1195,1979,8,0.17,0.04,0.29,3
1196,1979,9,0.25,0.19,0.31,3
1197,1979,10,0.26,0.23,0.29,3
1198,1979,11,0.28,0.24,0.33,3
1199,1979,12,0.48,0.55,0.41,4
1200,1980,1,0.3,0.21,0.38,4
1201,1980,2,0.4,0.41,0.38,4
1202,1980,3,0.3,0.07,0.53,4
1203,1980,4,0.3,0.15,0.45,4
1204,1980,5,0.35,0.26,0.44,4
1205,1980,6,0.2,0.19,0.22,3
1206,1980,7,0.22,0.14,0.31,3
1207,1980,8,0.19,0.09,0.28,3
1208,1980,9,0.2,0.1,0.31,3
1209,1980,10,0.13,0.11,0.15,3
1210,1980,11,0.3,0.2,0.38,4
1211,1980,12,0.22,0.09,0.34,3
1212,1981,1,0.53,0.79,0.25,4
1213,1981,2,0.42,0.63,0.21,4
1214,1981,3,0.48,0.67,0.28,4
1215,1981,4,0.32,0.39,0.25,4
1216,1981,5,0.25,0.18,0.31,3
1217,1981,6,0.29,0.28,0.3,3
1218,1981,7,0.32,0.09,0.54,4
1219,1981,8,0.35,0.16,0.53,4
1220,1981,9,0.15,0.14,0.16,3
1221,1981,10,0.12,0.23,0.02,3
1222,1981,11,0.23,0.35,0.11,3
1223,1981,12,0.41,0.54,0.28,4
1224,1982,1,0.05,-0.13,0.24,3
1225,1982,2,0.15,0.17,0.14,3
1226,1982,3,0.03,0.06,0.01,3
1227,1982,4,0.15,0.17,0.13,3
1228,1982,5,0.18,0.09,0.27,3
1229,1982,6,0.06,0.01,0.11,3
1230,1982,7,0.15,0.05,0.25,3
1231,1982,8,0.04,-0.07,0.15,3
1232,1982,9,0.14,0.06,0.23,3
1233,1982,10,0.13,0.0,0.27,3
1234,1982,11,0.18,-0.11,0.47,3
1235,1982,12,0.43,0.38,0.47,4
1236,1983,1,0.53,0.55,0.51,4
1237,1983,2,0.43,0.35,0.51,4
1238,1983,3,0.42,0.42,0.41,4
1239,1983,4,0.28,0.07,0.49,3
1240,1983,5,0.34,0.06,0.63,4
1241,1983,6,0.23,0.11,0.35,3
1242,1983,7,0.18,0.21,0.17,3
1243,1983,8,0.35,0.26,0.45,4
1244,1983,9,0.37,0.26,0.48,4
1245,1983,10,0.17,0.12,0.22,3
1246,1983,11,0.3,0.49,0.12,4
1247,1983,12,0.17,0.11,0.22,3
1248,1984,1,0.31,0.34,0.28,4
1249,1984,2,0.14,0.03,0.26,3
1250,1984,3,0.26,0.18,0.35,3
1251,1984,4,0.06,-0.07,0.19,3
1252,1984,5,0.33,0.23,0.42,4
1253,1984,6,0.02,0.09,-0.04,3
1254,1984,7,0.19,0.09,0.3,3
1255,1984,8,0.19,0.06,0.33,3
1256,1984,9,0.21,-0.03,0.45,3
1257,1984,10,0.14,0.09,0.19,3
1258,1984,11,0.07,-0.1,0.24,3
1259,1984,12,-0.04,-0.42,0.33,2
1260,1985,1,0.22,0.07,0.36,3
1261,1985,2,-0.04,-0.29,0.22,2
1262,1985,3,0.17,0.0,0.35,3
1263,1985,4,0.12,-0.03,0.27,3
1264,1985,5,0.15,0.09,0.2,3
1265,1985,6,0.15,0.01,0.29,3
1266,1985,7,0.04,-0.07,0.15,3
1267,1985,8,0.17,-0.02,0.34,3
1268,1985,9,0.13,0.03,0.23,3
1269,1985,10,0.12,0.03,0.21,3
1270,1985,11,0.05,0.02,0.08,3
1271,1985,12,0.14,0.16,0.12,3
1272,1986,1,0.26,0.36,0.16,3
1273,1986,2,0.37,0.31,0.42,4
1274,1986,3,0.3,0.26,0.34,4
1275,1986,4,0.22,0.15,0.29,3
1276,1986,5,0.21,0.2,0.23,3
1277,1986,6,0.12,0.14,0.1,3
1278,1986,7,0.11,-0.02,0.25,3
1279,1986,8,0.16,0.04,0.27,3
1280,1986,9,0.03,-0.02,0.09,3
1281,1986,10,0.15,0.09,0.22,3
1282,1986,11,0.1,0.04,0.16,3
1283,1986,12,0.13,0.06,0.2,3
1284,1987,1,0.32,0.25,0.39,4
1285,1987,2,0.43,0.5,0.36,4
1286,1987,3,0.19,0.0,0.37,3
1287,1987,4,0.25,0.07,0.43,3
1288,1987,5,0.26,0.23,0.29,3
1289,1987,6,0.35,0.17,0.53,4
1290,1987,7,0.4,0.26,0.56,4
1291,1987,8,0.25,0.27,0.24,3
1292,1987,9,0.35,0.39,0.33,4
1293,1987,10,0.33,0.22,0.44,4
1294,1987,11,0.29,0.11,0.49,3
1295,1987,12,0.46,0.51,0.42,4
1296,1988,1,0.57,0.59,0.54,4
1297,1988,2,0.44,0.46,0.43,4
1298,1988,3,0.52,0.47,0.56,4
1299,1988,4,0.43,0.44,0.41,4
1300,1988,5,0.44,0.43,0.45,4
1301,1988,6,0.4,0.4,0.39,4
1302,1988,7,0.33,0.42,0.24,4
1303,1988,8,0.39,0.26,0.52,4
1304,1988,9,0.37,0.26,0.46,4
1305,1988,10,0.38,0.23,0.51,4
1306,1988,11,0.12,0.06,0.18,3
1307,1988,12,0.29,0.43,0.14,3
1308,1989,1,0.12,0.08,0.16,3
1309,1989,2,0.3,0.39,0.19,4
1310,1989,3,0.36,0.46,0.25,4
1311,1989,4,0.29,0.32,0.25,3
1312,1989,5,0.17,0.23,0.12,3
1313,1989,6,0.17,0.24,0.09,3
1314,1989,7,0.34,0.32,0.36,4
1315,1989,8,0.33,0.26,0.4,4
1316,1989,9,0.35,0.25,0.45,4
1317,1989,10,0.29,0.25,0.33,3
1318,1989,11,0.19,0.12,0.27,3
1319,1989,12,0.37,0.34,0.4,4
1320,1990,1,0.42,0.48,0.35,4
1321,1990,2,0.44,0.55,0.33,4
1322,1990,3,0.8,1.17,0.42,5
1323,1990,4,0.56,0.71,0.42,4
1324,1990,5,0.46,0.5,0.41,4
1325,1990,6,0.38,0.48,0.28,4
1326,1990,7,0.46,0.33,0.58,4
1327,1990,8,0.34,0.41,0.28,4
1328,1990,9,0.23,0.42,0.05,3
1329,1990,10,0.45,0.48,0.41,4
1330,1990,11,0.47,0.46,0.48,4
1331,1990,12,0.41,0.39,0.43,4
1332,1991,1,0.43,0.6,0.26,4
1333,1991,2,0.5,0.57,0.42,4
1334,1991,3,0.35,0.46,0.25,4
1335,1991,4,0.51,0.56,0.46,4
1336,1991,5,0.34,0.33,0.36,4
1337,1991,6,0.53,0.47,0.58,4
1338,1991,7,0.47,0.43,0.52,4
1339,1991,8,0.39,0.35,0.43,4
1340,1991,9,0.44,0.36,0.52,4
1341,1991,10,0.29,0.29,0.29,3
1342,1991,11,0.3,0.33,0.27,4
1343,1991,12,0.32,0.21,0.43,4
1344,1992,1,0.47,0.61,0.34,4
1345,1992,2,0.4,0.5,0.3,4
1346,1992,3,0.48,0.55,0.41,4
1347,1992,4,0.27,0.16,0.39,3
1348,1992,5,0.31,0.19,0.44,4
1349,1992,6,0.26,0.05,0.47,3
1350,1992,7,0.08,-0.1,0.27,3
1351,1992,8,0.08,-0.07,0.24,3
1352,1992,9,-0.01,-0.18,0.17,2
1353,1992,10,0.06,-0.17,0.29,3
1354,1992,11,0.03,-0.08,0.14,3
1355,1992,12,0.21,0.22,0.21,3
1356,1993,1,0.35,0.39,0.3,4
1357,1993,2,0.37,0.52,0.21,4
1358,1993,3,0.36,0.39,0.33,4
1359,1993,4,0.28,0.23,0.32,3
1360,1993,5,0.29,0.32,0.26,3
1361,1993,6,0.23,0.22,0.25,3
1362,1993,7,0.25,0.12,0.38,3
1363,1993,8,0.11,0.03,0.2,3
1364,1993,9,0.12,-0.06,0.3,3
1365,1993,10,0.23,0.12,0.34,3
1366,1993,11,0.04,-0.21,0.29,3
1367,1993,12,0.18,0.22,0.15,3
1368,1994,1,0.26,0.34,0.19,3
1369,1994,2,0.02,-0.04,0.1,3
1370,1994,3,0.29,0.49,0.08,3
1371,1994,4,0.42,0.49,0.34,4
1372,1994,5,0.28,0.39,0.18,3
1373,1994,6,0.44,0.42,0.45,4
1374,1994,7,0.3,0.34,0.27,4
1375,1994,8,0.22,0.33,0.11,3
1376,1994,9,0.32,0.33,0.31,4
1377,1994,10,0.42,0.55,0.3,4
1378,1994,11,0.44,0.5,0.39,4
1379,1994,12,0.38,0.37,0.4,4
1380,1995,1,0.52,0.75,0.29,4
1381,1995,2,0.79,1.19,0.38,5
1382,1995,3,0.47,0.59,0.35,4
1383,1995,4,0.46,0.72,0.21,4
1384,1995,5,0.27,0.41,0.13,3
1385,1995,6,0.44,0.51,0.37,4
1386,1995,7,0.45,0.38,0.53,4
1387,1995,8,0.45,0.54,0.37,4
1388,1995,9,0.34,0.43,0.25,4
1389,1995,10,0.47,0.6,0.35,4
1390,1995,11,0.44,0.57,0.31,4
1391,1995,12,0.25,0.27,0.24,3
1392,1996,1,0.24,0.27,0.21,3
1393,1996,2,0.46,0.55,0.37,4
1394,1996,3,0.33,0.32,0.34,4
1395,1996,4,0.32,0.18,0.46,4
1396,1996,5,0.28,0.35,0.21,3
1397,1996,6,0.26,0.25,0.26,3
1398,1996,7,0.36,0.29,0.43,4
1399,1996,8,0.48,0.19,0.76,4
1400,1996,9,0.25,0.04,0.45,3
1401,1996,10,0.2,0.05,0.34,3
1402,1996,11,0.39,0.35,0.41,4
1403,1996,12,0.37,0.35,0.39,4
1404,1997,1,0.3,0.34,0.25,4
1405,1997,2,0.41,0.6,0.21,4
1406,1997,3,0.52,0.74,0.29,4
1407,1997,4,0.34,0.49,0.19,4
1408,1997,5,0.34,0.42,0.26,4
1409,1997,6,0.54,0.49,0.59,4
1410,1997,7,0.34,0.41,0.28,4
1411,1997,8,0.42,0.48,0.36,4
1412,1997,9,0.52,0.52,0.53,4
1413,1997,10,0.61,0.63,0.6,5
1414,1997,11,0.64,0.59,0.71,5
1415,1997,12,0.59,0.51,0.68,4
1416,1998,1,0.58,0.62,0.55,4
1417,1998,2,0.88,1.04,0.72,5
1418,1998,3,0.63,0.72,0.55,5
1419,1998,4,0.63,0.87,0.4,5
1420,1998,5,0.68,0.66,0.7,5
1421,1998,6,0.77,0.73,0.81,5
1422,1998,7,0.66,0.75,0.59,5
1423,1998,8,0.66,0.72,0.59,5
1424,1998,9,0.42,0.61,0.23,4
1425,1998,10,0.42,0.54,0.3,4
1426,1998,11,0.43,0.49,0.38,4
1427,1998,12,0.55,0.73,0.36,4
1428,1999,1,0.49,0.59,0.38,4
1429,1999,2,0.64,1.0,0.27,5
1430,1999,3,0.32,0.29,0.36,4
1431,1999,4,0.31,0.54,0.09,4
1432,1999,5,0.27,0.36,0.17,3
1433,1999,6,0.36,0.35,0.38,4
1434,1999,7,0.38,0.36,0.41,4
1435,1999,8,0.32,0.31,0.33,4
1436,1999,9,0.38,0.4,0.36,4
1437,1999,10,0.34,0.4,0.28,4
1438,1999,11,0.38,0.53,0.21,4
1439,1999,12,0.41,0.66,0.16,4
1440,2000,1,0.25,0.38,0.11,3
1441,2000,2,0.56,0.89,0.22,4
1442,2000,3,0.56,0.83,0.27,4
1443,2000,4,0.56,0.89,0.23,4
1444,2000,5,0.36,0.55,0.17,4
1445,2000,6,0.4,0.44,0.35,4
1446,2000,7,0.39,0.42,0.35,4
1447,2000,8,0.42,0.47,0.36,4
1448,2000,9,0.38,0.37,0.4,4
1449,2000,10,0.28,0.29,0.27,3
1450,2000,11,0.3,0.2,0.41,4
1451,2000,12,0.28,0.27,0.3,3
1452,2001,1,0.46,0.57,0.35,4
1453,2001,2,0.44,0.46,0.42,4
1454,2001,3,0.56,0.76,0.35,4
1455,2001,4,0.51,0.6,0.42,4
1456,2001,5,0.58,0.69,0.46,4
1457,2001,6,0.52,0.51,0.52,4
1458,2001,7,0.59,0.63,0.55,4
1459,2001,8,0.5,0.68,0.33,4
1460,2001,9,0.52,0.56,0.47,4
1461,2001,10,0.51,0.6,0.41,4
1462,2001,11,0.73,0.98,0.47,5
1463,2001,12,0.56,0.65,0.47,4
1464,2002,1,0.78,1.02,0.52,5
1465,2002,2,0.79,1.14,0.42,5
1466,2002,3,0.88,1.11,0.64,5
1467,2002,4,0.58,0.51,0.66,4
1468,2002,5,0.63,0.52,0.75,5
1469,2002,6,0.53,0.68,0.38,4
1470,2002,7,0.61,0.66,0.56,5
1471,2002,8,0.53,0.55,0.52,4
1472,2002,9,0.63,0.62,0.62,5
1473,2002,10,0.54,0.54,0.56,4
1474,2002,11,0.59,0.79,0.4,4
1475,2002,12,0.44,0.42,0.47,4
1476,2003,1,0.75,0.93,0.57,5
1477,2003,2,0.58,0.56,0.6,4
1478,2003,3,0.6,0.66,0.53,5
1479,2003,4,0.55,0.61,0.5,4
1480,2003,5,0.61,0.72,0.5,5
1481,2003,6,0.48,0.55,0.42,4
1482,2003,7,0.59,0.68,0.5,4
1483,2003,8,0.65,0.86,0.44,5
1484,2003,9,0.62,0.78,0.47,5
1485,2003,10,0.73,0.99,0.49,5
1486,2003,11,0.53,0.66,0.42,4
1487,2003,12,0.75,0.98,0.52,5
1488,2004,1,0.58,0.67,0.5,4
1489,2004,2,0.73,0.92,0.53,5
1490,2004,3,0.64,0.87,0.4,5
1491,2004,4,0.61,0.7,0.52,5
1492,2004,5,0.38,0.52,0.24,4
1493,2004,6,0.44,0.47,0.41,4
1494,2004,7,0.27,0.5,0.05,3
1495,2004,8,0.47,0.55,0.4,4
1496,2004,9,0.5,0.6,0.41,4
1497,2004,10,0.61,0.7,0.52,5
1498,2004,11,0.73,0.98,0.48,5
1499,2004,12,0.51,0.45,0.58,4
1500,2005,1,0.75,0.94,0.55,5
1501,2005,2,0.6,0.72,0.48,5
1502,2005,3,0.75,0.95,0.55,5
1503,2005,4,0.68,0.93,0.43,5
1504,2005,5,0.63,0.78,0.48,5
1505,2005,6,0.65,0.79,0.51,5
1506,2005,7,0.62,0.75,0.5,5
1507,2005,8,0.62,0.7,0.54,5
1508,2005,9,0.71,0.9,0.52,5
1509,2005,10,0.75,0.95,0.55,5
1510,2005,11,0.74,1.06,0.42,5
1511,2005,12,0.68,0.84,0.52,5
1512,2006,1,0.57,0.66,0.47,4
1513,2006,2,0.73,0.96,0.51,5
1514,2006,3,0.63,0.78,0.48,5
1515,2006,4,0.49,0.6,0.37,4
1516,2006,5,0.5,0.76,0.23,4
1517,2006,6,0.66,0.81,0.5,5
1518,2006,7,0.55,0.7,0.41,4
1519,2006,8,0.71,0.69,0.72,5
1520,2006,9,0.65,0.82,0.48,5
1521,2006,10,0.7,0.96,0.44,5
1522,2006,11,0.74,0.95,0.53,5
1523,2006,12,0.79,1.16,0.43,5
1524,2007,1,1.03,1.46,0.58,6
1525,2007,2,0.7,0.9,0.5,5
1526,2007,3,0.73,0.96,0.5,5
1527,2007,4,0.77,1.07,0.47,5
1528,2007,5,0.69,0.73,0.66,5
1529,2007,6,0.62,0.66,0.58,5
1530,2007,7,0.61,0.66,0.55,5
1531,2007,8,0.6,0.73,0.46,5
1532,2007,9,0.6,0.67,0.52,5
1533,2007,10,0.58,0.84,0.33,4
1534,2007,11,0.59,0.82,0.36,4
1535,2007,12,0.5,0.77,0.22,4
1536,2008,1,0.31,0.34,0.27,4
1537,2008,2,0.38,0.59,0.17,4
1538,2008,3,0.75,1.14,0.34,5
1539,2008,4,0.54,0.65,0.42,4
1540,2008,5,0.49,0.6,0.38,4
1541,2008,6,0.5,0.62,0.37,4
1542,2008,7,0.6,0.6,0.6,5
1543,2008,8,0.47,0.6,0.36,4
1544,2008,9,0.61,0.58,0.64,5
1545,2008,10,0.67,0.86,0.48,5
1546,2008,11,0.69,0.97,0.42,5
1547,2008,12,0.54,0.66,0.43,4
1548,2009,1,0.65,0.82,0.47,5
1549,2009,2,0.53,0.7,0.36,4
1550,2009,3,0.54,0.6,0.49,4
1551,2009,4,0.61,0.71,0.51,5
1552,2009,5,0.65,0.66,0.64,5
1553,2009,6,0.65,0.68,0.62,5
1554,2009,7,0.74,0.69,0.8,5
1555,2009,8,0.68,0.72,0.64,5
1556,2009,9,0.73,0.85,0.61,5
1557,2009,10,0.65,0.79,0.52,5
1558,2009,11,0.81,0.85,0.78,5
1559,2009,12,0.68,0.67,0.7,5
1560,2010,1,0.75,0.81,0.7,5
1561,2010,2,0.84,0.94,0.73,5
1562,2010,3,0.92,1.1,0.75,6
1563,2010,4,0.84,1.13,0.56,5
1564,2010,5,0.75,0.94,0.57,5
1565,2010,6,0.68,0.85,0.51,5
1566,2010,7,0.63,0.89,0.37,5
1567,2010,8,0.68,0.87,0.49,5
1568,2010,9,0.63,0.71,0.56,5
1569,2010,10,0.71,0.9,0.52,5
1570,2010,11,0.82,1.21,0.42,5
1571,2010,12,0.45,0.5,0.39,4
1572,2011,1,0.52,0.61,0.41,4
1573,2011,2,0.48,0.57,0.39,4
1574,2011,3,0.65,0.88,0.41,5
1575,2011,4,0.65,0.85,0.44,5
1576,2011,5,0.52,0.66,0.39,4
1577,2011,6,0.62,0.76,0.47,5
1578,2011,7,0.71,0.73,0.68,5
1579,2011,8,0.75,0.71,0.77,5
1580,2011,9,0.57,0.74,0.4,4
1581,2011,10,0.66,0.91,0.41,5
1582,2011,11,0.59,0.66,0.5,4
1583,2011,12,0.6,0.88,0.32,5
1584,2012,1,0.49,0.68,0.3,4
1585,2012,2,0.5,0.59,0.4,4
1586,2012,3,0.58,0.72,0.43,4
1587,2012,4,0.72,1.07,0.36,5
1588,2012,5,0.78,0.97,0.59,5
1589,2012,6,0.65,0.94,0.36,5
1590,2012,7,0.58,0.86,0.32,4
1591,2012,8,0.63,0.76,0.52,5
1592,2012,9,0.72,0.87,0.58,5
1593,2012,10,0.79,0.92,0.67,5
1594,2012,11,0.78,0.98,0.59,5
1595,2012,12,0.53,0.46,0.61,4
1596,2013,1,0.71,0.85,0.56,5
1597,2013,2,0.63,0.79,0.46,5
1598,2013,3,0.68,0.81,0.55,5
1599,2013,4,0.55,0.69,0.41,4
1600,2013,5,0.61,0.78,0.44,5
1601,2013,6,0.69,0.77,0.62,5
1602,2013,7,0.61,0.7,0.51,5
1603,2013,8,0.7,0.74,0.66,5
1604,2013,9,0.78,0.7,0.84,5
1605,2013,10,0.69,0.83,0.55,5
1606,2013,11,0.84,1.13,0.54,5
1607,2013,12,0.7,0.84,0.55,5
1608,2014,1,0.76,0.97,0.53,5
1609,2014,2,0.55,0.72,0.38,4
1610,2014,3,0.79,1.2,0.37,5
1611,2014,4,0.81,1.09,0.52,5
1612,2014,5,0.87,0.91,0.83,5
1613,2014,6,0.68,0.82,0.55,5
1614,2014,7,0.58,0.77,0.4,4
1615,2014,8,0.82,0.91,0.73,5
1616,2014,9,0.88,0.84,0.91,5
1617,2014,10,0.81,0.94,0.68,5
1618,2014,11,0.67,0.81,0.54,5
1619,2014,12,0.79,1.11,0.48,5
1620,2015,1,0.85,1.18,0.52,5
1621,2015,2,0.91,1.2,0.61,6
1622,2015,3,0.96,1.33,0.58,6
1623,2015,4,0.76,1.03,0.48,5
1624,2015,5,0.8,1.05,0.56,5
1625,2015,6,0.82,1.06,0.59,5
1626,2015,7,0.74,0.92,0.57,5
1627,2015,8,0.81,1.02,0.61,5
1628,2015,9,0.85,1.18,0.55,5
1629,2015,10,1.09,1.3,0.9,6
1630,2015,11,1.06,1.39,0.75,6
1631,2015,12,1.16,1.54,0.79,6
1632,2016,1,1.17,1.55,0.8,6
1633,2016,2,1.37,1.95,0.79,7
1634,2016,3,1.35,1.91,0.79,7
1635,2016,4,1.12,1.49,0.74,6
1636,2016,5,0.96,1.12,0.81,6
1637,2016,6,0.81,1.13,0.51,5
1638,2016,7,0.85,1.05,0.67,5
1639,2016,8,1.02,1.13,0.92,6
1640,2016,9,0.91,1.23,0.6,6
1641,2016,10,0.89,1.04,0.74,5
1642,2016,11,0.91,1.12,0.7,6
1643,2016,12,0.86,1.05,0.69,5
1644,2017,1,1.03,1.41,0.65,6
1645,2017,2,1.15,1.53,0.76,6
1646,2017,3,1.17,1.52,0.8,6
1647,2017,4,0.95,1.21,0.69,6
1648,2017,5,0.91,0.93,0.9,6
1649,2017,6,0.72,0.93,0.53,5
1650,2017,7,0.82,0.97,0.67,5
1651,2017,8,0.87,1.02,0.73,5
1652,2017,9,0.77,1.01,0.55,5
1653,2017,10,0.9,1.05,0.75,6
1654,2017,11,0.88,1.23,0.53,5
1655,2017,12,0.94,1.4,0.47,6
1656,2018,1,0.82,1.15,0.48,5
1657,2018,2,0.85,1.25,0.45,5
1658,2018,3,0.9,1.18,0.61,6
1659,2018,4,0.89,0.98,0.8,5
1660,2018,5,0.83,1.02,0.63,5
1661,2018,6,0.78,0.87,0.69,5
1662,2018,7,0.83,0.91,0.75,5
1663,2018,8,0.76,0.87,0.65,5
1664,2018,9,0.81,0.97,0.64,5
1665,2018,10,1.02,1.25,0.79,6
1666,2018,11,0.83,0.98,0.69,5
1667,2018,12,0.92,1.11,0.74,6
1668,2019,1,0.94,1.21,0.66,6
1669,2019,2,0.96,1.14,0.78,6
1670,2019,3,1.18,1.56,0.8,6
1671,2019,4,1.02,1.26,0.77,6
1672,2019,5,0.86,0.99,0.73,5
1673,2019,6,0.93,1.2,0.65,6
1674,2019,7,0.95,1.04,0.86,6
1675,2019,8,0.94,1.1,0.79,6
1676,2019,9,0.93,1.22,0.64,6
1677,2019,10,1.02,1.32,0.72,6
1678,2019,11,1.01,1.21,0.81,6
1679,2019,12,1.09,1.41,0.79,6
1680,2020,1,1.17,1.6,0.74,6
1681,2020,2,1.26,1.72,0.78,7
1682,2020,3,1.18,1.68,0.68,6
1683,2020,4,1.14,1.41,0.86,6
1684,2020,5,1.02,1.28,0.76,6
1685,2020,6,0.92,1.14,0.71,6
1686,2020,7,0.9,1.11,0.69,6
1687,2020,8,0.87,1.14,0.62,5
1688,2020,9,0.99,1.21,0.78,6
1689,2020,10,0.89,1.23,0.56,5
1690,2020,11,1.11,1.62,0.6,6
1691,2020,12,0.81,1.2,0.43,5
